0 175
0 546
0 586
0 939
0 965
0 1167
0 1685
0 1693
0 1707
0 1835
1 248
1 270
1 668
1 693
1 933
1 1035
1 1763
2 90
2 408
2 679
2 757
2 878
2 948
2 1026
2 1136
2 1328
2 1377
2 1445
2 1522
2 1663
2 1782
2 1812
3 109
3 397
3 422
3 615
3 638
3 670
3 773
3 873
3 887
3 1049
3 1253
3 1562
3 1666
3 1798
3 1882
3 1917
4 306
4 811
4 876
4 1579
4 1693
4 1767
4 1841
4 1842
4 1916
5 23
5 230
5 242
5 724
5 731
5 763
5 983
5 1112
5 1127
5 1165
5 1166
5 1706
5 1923
6 77
6 330
6 477
6 595
6 801
6 908
6 1177
6 1353
6 1839
6 1924
7 74
7 278
7 476
7 503
7 742
7 860
7 887
7 1076
7 1423
7 1571
7 1771
7 1878
7 1898
8 271
8 374
8 748
8 886
8 959
8 1194
8 1418
8 1618
8 1656
8 1673
8 1708
9 291
9 405
9 559
9 599
9 655
9 759
9 923
9 952
9 979
9 1079
9 1150
9 1188
9 1219
9 1227
9 1541
9 1590
9 1731
9 1759
9 1770
9 1773
9 1791
9 1803
10 145
10 197
10 665
10 895
10 1132
10 1260
10 1352
10 1554
10 1812
11 84
11 111
11 219
11 314
11 489
11 683
11 742
11 818
11 924
11 985
11 1211
11 1460
11 1479
11 1529
11 1542
11 1565
11 1772
11 1804
12 437
12 449
12 715
12 887
12 1109
12 1561
12 1878
13 295
13 669
13 756
13 910
13 935
13 1197
13 1415
13 1494
13 1500
13 1619
13 1843
14 71
14 573
14 797
14 990
14 1065
14 1141
14 1221
14 1398
14 1416
14 1551
14 1593
15 274
15 476
15 492
15 868
15 1153
15 1265
15 1413
15 1654
16 100
16 155
16 229
16 632
16 655
16 679
16 802
16 1106
16 1142
16 1227
16 1241
16 1539
16 1574
16 1663
16 1745
16 1781
16 1810
16 1845
17 18
17 19
17 34
17 87
17 235
17 346
17 353
17 423
17 993
17 1050
17 1122
17 1222
17 1394
17 1588
17 1886
18 41
18 222
18 364
18 551
18 1214
18 1387
18 1448
18 1663
18 1801
18 1886
19 34
19 562
19 791
19 955
19 1161
19 1214
19 1261
19 1412
19 1517
19 1723
19 1847
20 55
20 207
20 361
20 499
20 519
20 656
20 714
20 1124
20 1250
20 1321
20 1459
20 1550
20 1834
20 1918
20 1925
21 81
21 120
21 192
21 366
21 475
21 532
21 742
21 791
21 873
21 1270
21 1372
21 1460
21 1499
21 1562
21 1646
21 1705
21 1709
21 1799
22 192
22 194
22 438
22 508
22 509
22 608
22 742
22 744
22 804
22 825
22 863
22 914
22 924
22 928
22 958
22 1032
22 1059
22 1083
22 1105
22 1157
22 1161
22 1203
22 1289
22 1310
22 1338
22 1753
22 1771
22 1815
22 1847
22 1857
23 96
23 149
23 315
23 648
23 863
23 867
23 902
23 1112
23 1157
23 1166
23 1472
23 1573
24 91
24 169
24 172
24 337
24 404
24 488
24 557
24 603
24 704
24 1313
24 1426
24 1676
24 1841
24 1860
24 1895
25 92
25 207
25 572
25 865
25 1092
25 1124
25 1183
25 1200
25 1235
25 1435
25 1546
25 1565
25 1690
25 1804
25 1827
25 1864
25 1901
25 1913
26 81
26 259
26 301
26 317
26 366
26 429
26 498
26 558
26 610
26 632
26 639
26 963
26 1085
26 1141
26 1252
26 1543
26 1557
26 1829
26 1835
26 1845
27 340
27 689
27 780
27 856
27 1240
27 1447
27 1486
27 1502
28 284
28 424
28 726
28 943
28 994
28 1118
28 1223
28 1258
28 1310
28 1723
28 1752
28 1847
29 156
29 304
29 377
29 389
29 685
29 898
29 980
29 1211
29 1332
29 1350
29 1401
29 1425
29 1442
29 1542
29 1677
30 31
30 58
30 500
30 706
30 995
30 1165
30 1618
31 56
31 58
31 89
31 209
31 230
31 235
31 296
31 396
31 911
31 964
31 1122
31 1180
31 1242
31 1605
31 1762
31 1774
32 144
32 339
32 453
32 516
32 553
32 706
32 936
32 1107
32 1471
32 1618
32 1636
32 1682
33 112
33 137
33 147
33 577
33 580
33 589
33 628
33 662
33 745
33 772
33 1009
33 1121
33 1184
33 1227
33 1345
33 1379
33 1382
33 1457
33 1549
33 1568
33 1655
33 1663
33 1782
33 1791
34 95
34 106
34 222
34 234
34 339
34 408
34 463
34 521
34 553
34 568
34 818
34 914
34 1029
34 1099
34 1101
34 1118
34 1222
34 1356
34 1377
34 1458
34 1477
34 1520
34 1529
34 1536
34 1638
34 1650
34 1735
34 1847
35 301
35 317
35 335
35 405
35 660
35 791
35 803
35 834
35 978
35 1100
35 1304
35 1406
35 1709
35 1785
35 1809
36 59
36 354
36 437
36 545
36 907
36 913
36 1190
36 1295
36 1487
36 1776
36 1784
37 167
37 583
37 651
37 680
37 938
37 976
37 1057
37 1063
37 1232
37 1298
37 1630
37 1740
37 1826
38 131
38 292
38 319
38 468
38 1041
38 1102
38 1181
38 1246
38 1306
38 1489
38 1552
38 1578
38 1702
39 318
39 512
39 559
39 681
39 845
39 880
39 1102
39 1213
39 1378
39 1470
39 1541
39 1710
40 103
40 139
40 158
40 838
40 1028
40 1029
40 1181
40 1244
40 1383
40 1536
41 139
41 731
41 739
41 832
41 1122
41 1244
41 1352
41 1531
41 1663
41 1667
42 268
42 588
42 717
42 876
42 1164
42 1187
42 1274
42 1713
42 1893
43 69
43 399
43 675
43 703
43 746
43 1053
43 1247
43 1831
43 1928
44 154
44 279
44 420
44 505
44 1196
44 1220
44 1300
44 1344
44 1421
44 1424
44 1721
44 1884
44 1918
45 115
45 307
45 332
45 364
45 461
45 519
45 633
45 691
45 733
45 1668
46 58
46 441
46 487
46 1135
46 1176
46 1222
46 1458
46 1524
46 1576
46 1595
46 1836
47 346
47 380
47 383
47 557
47 678
47 795
47 1144
47 1195
47 1501
47 1517
47 1576
48 375
48 679
48 754
48 796
48 900
48 909
48 1068
48 1172
48 1560
48 1585
48 1676
48 1810
49 197
49 207
49 279
49 339
49 404
49 434
49 557
49 719
49 831
49 865
49 866
49 895
49 936
49 956
49 1099
49 1144
49 1209
49 1273
49 1362
49 1467
49 1475
49 1494
49 1500
49 1511
49 1603
49 1617
49 1668
49 1764
49 1908
49 1918
50 159
50 197
50 316
50 378
50 800
50 1015
50 1482
50 1618
50 1792
51 434
51 494
51 508
51 524
51 650
51 701
51 713
51 892
51 1092
51 1099
51 1101
51 1114
51 1288
51 1310
51 1632
51 1905
52 95
52 270
52 449
52 815
52 818
52 985
52 1226
52 1258
52 1304
52 1818
52 1848
53 214
53 425
53 572
53 679
53 802
53 807
53 860
53 900
53 948
53 962
53 979
53 1079
53 1095
53 1121
53 1426
53 1549
53 1694
53 1864
54 83
54 114
54 405
54 481
54 572
54 740
54 772
54 783
54 866
54 923
54 928
54 962
54 1273
54 1310
54 1481
54 1483
54 1544
54 1568
54 1937
55 203
55 463
55 589
55 831
55 948
55 1027
55 1095
55 1099
55 1550
55 1782
55 1929
56 134
56 763
56 1134
56 1180
56 1244
56 1383
56 1651
56 1768
57 478
57 564
57 643
57 675
57 808
57 1570
57 1636
58 84
58 111
58 230
58 300
58 350
58 383
58 421
58 441
58 524
58 776
58 955
58 995
58 1084
58 1092
58 1134
58 1157
58 1161
58 1166
58 1169
58 1311
58 1463
58 1501
58 1584
58 1595
58 1794
58 1827
58 1922
59 245
59 266
59 430
59 437
59 531
59 905
59 1487
59 1627
59 1679
59 1721
59 1825
60 207
60 309
60 323
60 384
60 1173
60 1200
60 1517
60 1668
60 1669
61 105
61 208
61 229
61 355
61 655
61 925
61 1097
61 1167
61 1181
61 1367
61 1519
61 1757
61 1813
62 271
62 355
62 517
62 1276
62 1471
62 1482
62 1738
63 359
63 401
63 602
63 661
63 707
63 822
63 829
63 1018
63 1051
63 1120
63 1643
63 1653
63 1867
64 132
64 137
64 203
64 253
64 292
64 490
64 577
64 592
64 602
64 682
64 707
64 741
64 810
64 831
64 944
64 954
64 956
64 977
64 1041
64 1063
64 1140
64 1232
64 1250
64 1279
64 1369
64 1535
64 1537
64 1719
64 1925
64 1930
65 120
65 259
65 270
65 623
65 726
65 877
65 1047
65 1141
65 1258
65 1270
65 1294
65 1443
65 1551
65 1615
65 1616
65 1643
65 1763
65 1853
65 1870
66 200
66 265
66 417
66 907
66 1154
66 1725
66 1751
66 1776
66 1896
67 122
67 148
67 253
67 269
67 318
67 986
67 1058
67 1322
67 1492
67 1506
67 1719
68 237
68 251
68 455
68 466
68 660
68 664
68 740
68 933
68 1310
68 1401
68 1406
68 1442
68 1623
68 1848
68 1910
69 193
69 208
69 385
69 549
69 613
69 796
69 822
69 894
69 925
69 976
69 1010
69 1063
69 1068
69 1104
69 1126
69 1240
69 1243
69 1346
69 1363
69 1409
69 1432
69 1447
69 1537
69 1657
69 1696
69 1831
69 1867
69 1874
69 1928
70 155
70 245
70 266
70 412
70 428
70 435
70 816
70 817
70 870
70 1128
70 1404
70 1478
70 1568
70 1663
70 1676
70 1856
70 1923
70 1937
71 484
71 727
71 856
71 1065
71 1395
71 1783
72 89
72 490
72 703
72 746
72 954
72 1180
72 1263
72 1538
72 1768
73 481
73 559
73 616
73 662
73 772
73 821
73 865
73 880
73 1101
73 1118
73 1603
73 1759
74 88
74 192
74 417
74 825
74 978
74 1093
74 1261
74 1646
74 1669
74 1818
75 279
75 307
75 481
75 698
75 791
75 928
75 945
75 1034
75 1083
75 1091
75 1101
75 1307
75 1368
75 1477
75 1646
75 1668
76 249
76 346
76 383
76 512
76 681
76 1032
76 1048
76 1050
76 1157
76 1225
76 1286
76 1525
76 1692
76 1701
76 1792
77 369
77 534
77 722
77 850
77 1091
77 1206
77 1353
77 1633
78 146
78 225
78 268
78 334
78 336
78 381
78 697
78 812
78 855
78 876
78 974
78 984
78 1024
78 1081
78 1103
78 1115
78 1151
78 1256
78 1334
78 1356
78 1419
78 1427
78 1555
78 1579
78 1650
78 1789
78 1828
78 1871
78 1880
78 1920
79 123
79 423
79 459
79 549
79 726
79 1036
79 1042
79 1063
79 1268
79 1294
79 1404
79 1417
79 1422
79 1589
79 1593
79 1937
80 846
80 927
80 1248
80 1504
80 1532
80 1633
80 1861
81 120
81 156
81 259
81 487
81 630
81 631
81 820
81 1524
81 1658
81 1677
81 1705
81 1829
81 1891
82 169
82 368
82 488
82 576
82 628
82 1374
82 1430
82 1552
82 1621
82 1655
82 1702
82 1714
82 1932
83 365
83 741
83 923
83 1027
83 1184
83 1369
83 1435
83 1582
83 1791
83 1881
84 89
84 118
84 144
84 159
84 380
84 562
84 616
84 660
84 791
84 837
84 916
84 932
84 980
84 993
84 1020
84 1092
84 1101
84 1194
84 1195
84 1222
84 1255
84 1401
84 1460
84 1538
84 1618
84 1660
84 1794
84 1804
85 134
85 332
85 394
85 691
85 692
85 732
85 736
85 761
85 801
85 950
85 1128
85 1532
85 1574
85 1575
85 1861
85 1923
86 197
86 369
86 534
86 590
86 1358
86 1383
86 1475
86 1559
86 1733
87 89
87 339
87 562
87 637
87 643
87 808
87 1048
87 1050
87 1104
87 1500
87 1605
87 1696
87 1801
88 273
88 367
88 437
88 466
88 505
88 790
88 804
88 1059
88 1472
88 1623
88 1646
89 287
89 314
89 388
89 396
89 571
89 612
89 643
89 675
89 703
89 861
89 885
89 940
89 947
89 980
89 1015
89 1048
89 1381
89 1525
89 1588
89 1612
89 1618
89 1628
89 1682
89 1708
89 1768
89 1774
90 91
90 311
90 360
90 385
90 521
90 546
90 728
90 874
90 1149
90 1167
90 1363
90 1366
90 1377
90 1522
90 1860
91 108
91 172
91 247
91 288
91 385
91 542
91 822
91 878
91 935
91 1000
91 1167
91 1174
91 1284
91 1619
91 1671
91 1731
91 1770
91 1841
92 125
92 171
92 194
92 312
92 710
92 794
92 865
92 1273
92 1310
92 1503
92 1509
92 1760
93 126
93 181
93 189
93 969
93 1002
93 1155
93 1449
93 1778
93 1934
94 240
94 492
94 579
94 584
94 638
94 1049
94 1292
94 1312
94 1339
94 1364
94 1376
94 1446
94 1543
94 1658
94 1829
95 317
95 400
95 429
95 539
95 544
95 556
95 1034
95 1099
95 1118
95 1362
95 1394
95 1396
95 1514
95 1688
95 1832
95 1848
96 114
96 256
96 346
96 431
96 633
96 951
96 995
96 1544
96 1595
96 1762
97 98
97 151
97 193
97 236
97 248
97 345
97 609
97 925
97 998
97 1784
97 1811
98 399
98 620
98 694
98 897
98 925
98 1693
98 1769
98 1831
99 173
99 230
99 280
99 336
99 400
99 498
99 576
99 630
99 639
99 699
99 795
99 812
99 820
99 911
99 1028
99 1034
99 1057
99 1127
99 1337
99 1359
99 1477
99 1501
99 1521
99 1536
99 1621
99 1630
99 1661
99 1743
99 1787
99 1927
100 212
100 456
100 550
100 721
100 798
100 1004
100 1231
100 1322
100 1552
100 1574
100 1578
100 1625
101 268
101 618
101 654
101 727
101 767
101 1115
101 1280
101 1324
101 1385
101 1444
101 1634
101 1644
101 1687
101 1716
102 334
102 379
102 481
102 568
102 723
102 812
102 942
102 1034
102 1102
102 1111
102 1182
102 1330
102 1332
102 1390
102 1481
102 1514
102 1520
102 1784
103 140
103 348
103 389
103 554
103 585
103 734
103 903
103 971
103 979
103 1028
103 1282
103 1337
103 1440
103 1642
103 1677
103 1726
103 1849
104 195
104 339
104 352
104 374
104 585
104 708
104 769
104 1482
104 1536
104 1700
104 1903
105 577
105 602
105 649
105 816
105 999
105 1051
105 1136
105 1367
105 1429
105 1430
105 1502
105 1523
105 1652
105 1663
105 1699
105 1757
106 553
106 723
106 1101
106 1107
106 1144
106 1195
106 1481
106 1585
106 1603
106 1604
106 1738
107 714
107 730
107 842
107 1067
107 1140
107 1250
107 1304
107 1884
107 1910
108 247
108 576
108 728
108 766
108 780
108 844
108 1018
108 1057
108 1120
108 1447
108 1678
108 1740
108 1841
108 1874
109 343
109 407
109 638
109 658
109 906
109 992
109 1002
109 1078
109 1186
110 437
110 449
110 466
110 531
110 545
110 639
110 820
110 985
110 1049
110 1252
110 1269
110 1442
110 1542
110 1658
110 1798
111 124
111 263
111 394
111 489
111 611
111 692
111 978
111 1046
111 1093
111 1112
111 1165
111 1242
111 1565
111 1595
111 1827
112 163
112 173
112 361
112 425
112 451
112 488
112 628
112 699
112 741
112 948
112 1021
112 1149
112 1184
112 1533
112 1550
112 1719
112 1724
112 1844
112 1860
113 511
113 526
113 541
113 658
113 788
113 1096
113 1613
114 256
114 309
114 441
114 487
114 581
114 631
114 637
114 910
114 911
114 928
114 959
114 1034
114 1050
114 1157
114 1173
114 1394
114 1481
114 1762
115 206
115 332
115 648
115 809
115 1795
115 1861
116 413
116 436
116 730
116 742
116 842
116 958
116 1188
116 1353
117 339
117 517
117 1336
117 1418
117 1494
117 1656
117 1711
118 421
118 703
118 932
118 1053
118 1137
118 1538
118 1631
119 166
119 182
119 653
119 921
119 1005
119 1154
119 1229
119 1437
119 1528
120 156
120 180
120 232
120 285
120 320
120 405
120 523
120 597
120 642
120 814
120 855
120 877
120 990
120 1014
120 1088
120 1141
120 1151
120 1350
120 1444
120 1473
120 1483
120 1527
120 1541
120 1634
120 1670
120 1709
120 1710
121 213
121 478
121 585
121 1281
121 1352
121 1502
121 1594
121 1642
121 1911
122 203
122 216
122 220
122 253
122 291
122 343
122 526
122 589
122 658
122 714
122 749
122 952
122 1052
122 1506
122 1655
122 1764
122 1823
122 1897
122 1918
123 567
123 613
123 859
123 904
123 976
123 1178
123 1319
123 1404
123 1718
123 1919
124 159
124 197
124 251
124 575
124 581
124 631
124 634
124 660
124 955
124 978
124 1007
124 1075
124 1133
124 1211
124 1261
124 1677
124 1680
124 1707
124 1764
125 206
125 323
125 1200
125 1248
125 1249
125 1472
125 1503
125 1509
126 538
126 615
126 943
126 1155
126 1160
126 1223
126 1882
127 183
127 255
127 373
127 778
127 844
127 910
127 1068
127 1097
127 1408
127 1560
127 1657
128 216
128 257
128 420
128 668
128 710
128 992
128 1002
128 1079
128 1116
128 1407
128 1453
128 1760
128 1833
128 1897
128 1904
129 150
129 240
129 274
129 324
129 536
129 638
129 743
129 809
129 860
129 927
129 931
129 992
129 1079
129 1148
129 1150
129 1249
129 1472
129 1504
129 1746
130 241
130 658
130 809
130 931
130 1058
130 1080
130 1153
130 1506
130 1666
130 1747
131 805
131 957
131 972
131 1029
131 1246
131 1353
131 1455
131 1529
131 1559
132 205
132 275
132 281
132 292
132 542
132 578
132 765
132 950
132 1149
132 1167
132 1320
132 1343
132 1490
132 1548
132 1574
132 1578
132 1719
132 1840
133 239
133 359
133 474
133 849
133 880
133 934
133 982
133 1141
133 1198
133 1433
133 1485
133 1710
133 1835
133 1892
134 172
134 175
134 229
134 319
134 360
134 375
134 386
134 396
134 483
134 644
134 888
134 920
134 950
134 954
134 975
134 1041
134 1128
134 1142
134 1167
134 1218
134 1277
134 1317
134 1567
134 1629
134 1640
134 1651
134 1676
134 1768
135 146
135 317
135 393
135 492
135 547
135 1396
135 1413
135 1427
135 1436
135 1681
136 374
136 546
136 739
136 844
136 953
136 1030
136 1244
136 1849
136 1877
137 243
137 358
137 365
137 954
137 1009
137 1084
137 1092
137 1369
137 1488
137 1490
137 1538
137 1620
137 1629
137 1631
137 1724
137 1782
137 1931
138 162
138 223
138 328
138 381
138 475
138 503
138 666
138 775
138 945
138 1170
138 1221
138 1303
138 1334
138 1441
138 1477
138 1499
138 1571
138 1735
138 1808
138 1927
139 222
139 737
139 769
139 999
139 1004
139 1043
139 1354
139 1428
139 1536
139 1621
139 1642
139 1667
140 497
140 979
140 1351
140 1530
140 1559
140 1636
140 1733
140 1912
141 574
141 649
141 770
141 855
141 918
141 1014
141 1136
141 1555
141 1684
141 1741
141 1890
142 370
142 397
142 448
142 456
142 638
142 927
142 1228
142 1331
142 1532
142 1728
142 1745
143 412
143 874
143 923
143 988
143 1030
143 1197
143 1323
143 1550
143 1619
143 1640
143 1668
143 1676
143 1770
143 1860
143 1908
144 176
144 819
144 841
144 935
144 955
144 1211
144 1255
144 1332
144 1660
144 1671
144 1682
144 1723
145 197
145 286
145 462
145 1086
145 1358
145 1849
145 1908
146 237
146 268
146 317
146 455
146 693
146 919
146 963
146 1360
146 1871
147 173
147 387
147 405
147 503
147 560
147 632
147 639
147 666
147 725
147 729
147 743
147 774
147 803
147 843
147 860
147 873
147 1092
147 1152
147 1215
147 1227
147 1460
147 1544
147 1549
147 1565
147 1595
147 1632
147 1670
147 1798
147 1836
148 318
148 870
148 888
148 893
148 923
148 1027
148 1058
148 1080
148 1095
148 1116
148 1159
148 1228
148 1251
148 1262
148 1426
148 1483
148 1541
148 1647
148 1676
148 1745
148 1786
148 1810
148 1897
149 242
149 328
149 346
149 380
149 466
149 744
149 924
149 945
149 1091
149 1245
149 1342
149 1401
149 1421
149 1472
149 1542
149 1573
149 1746
149 1750
149 1921
150 328
150 404
150 505
150 519
150 579
150 638
150 658
150 733
150 775
150 1228
150 1464
150 1472
150 1483
150 1544
150 1670
150 1732
150 1895
150 1917
150 1918
151 248
151 377
151 379
151 420
151 442
151 810
151 1279
151 1453
151 1825
151 1884
152 338
152 683
152 1006
152 1076
152 1353
152 1480
152 1532
153 169
153 506
153 523
153 855
153 922
153 1056
153 1236
153 1238
153 1256
153 1539
153 1802
153 1932
154 157
154 166
154 279
154 404
154 505
154 998
154 1154
155 212
155 262
155 414
155 448
155 587
155 840
155 852
155 1077
155 1539
155 1602
155 1923
156 285
156 827
156 1111
156 1332
156 1348
156 1616
156 1735
156 1808
157 234
157 1154
157 1256
157 1300
157 1356
157 1736
157 1802
157 1919
158 299
158 425
158 468
158 688
158 759
158 979
158 1004
158 1029
158 1149
158 1277
158 1377
158 1567
158 1578
159 264
159 380
159 575
159 634
159 640
159 776
159 1015
159 1156
159 1342
159 1660
160 172
160 350
160 535
160 602
160 628
160 704
160 932
160 954
160 960
160 973
160 1399
160 1430
160 1720
160 1782
160 1794
161 163
161 201
161 354
161 425
161 554
161 672
161 913
161 924
161 1028
161 1029
161 1076
161 1105
161 1177
161 1353
161 1477
161 1496
161 1645
162 248
162 301
162 326
162 335
162 789
162 890
162 970
162 997
162 1145
162 1356
162 1370
162 1388
162 1397
162 1648
162 1735
162 1880
163 463
163 608
163 699
163 924
163 1214
163 1232
163 1387
163 1477
163 1788
163 1862
163 1925
164 248
164 272
164 328
164 426
164 548
164 579
164 689
164 719
164 747
164 897
164 898
164 925
164 941
164 956
164 989
164 990
164 997
164 1010
164 1185
164 1221
164 1279
164 1312
164 1350
164 1502
164 1594
164 1686
164 1757
164 1894
164 1900
164 1921
165 180
165 337
165 405
165 452
165 557
165 661
165 726
165 1000
165 1176
165 1192
165 1299
165 1547
165 1617
165 1643
165 1723
165 1770
165 1836
166 371
166 751
166 1079
166 1154
166 1196
166 1936
167 320
167 597
167 760
167 907
167 938
167 965
167 969
167 982
167 1052
167 1786
167 1897
168 373
168 452
168 682
168 741
168 1021
168 1366
168 1471
169 280
169 322
169 506
169 576
169 603
169 655
169 780
169 1065
169 1398
169 1596
169 1622
169 1938
170 553
170 557
170 561
170 886
170 987
170 1377
170 1399
170 1500
170 1547
170 1585
171 199
171 218
171 611
171 743
171 749
171 790
171 804
171 892
171 991
171 1249
171 1267
171 1310
171 1414
171 1470
171 1565
171 1587
171 1823
172 360
172 857
172 973
172 975
172 1020
172 1169
172 1647
172 1794
172 1810
173 425
173 500
173 666
173 736
173 795
173 866
173 1377
173 1477
173 1544
173 1668
173 1694
173 1860
173 1895
173 1923
174 197
174 221
174 228
174 230
174 312
174 394
174 462
174 534
174 593
174 633
174 691
174 735
174 800
174 821
174 865
174 1034
174 1091
174 1132
174 1133
174 1182
174 1217
174 1245
174 1371
174 1391
174 1683
174 1706
174 1727
174 1762
174 1827
174 1915
175 394
175 462
175 624
175 677
175 734
175 857
175 940
175 965
175 1045
175 1199
175 1263
175 1302
175 1317
175 1768
175 1786
175 1849
176 203
176 275
176 305
176 349
176 463
176 490
176 542
176 915
176 916
176 1043
176 1342
176 1531
176 1650
176 1653
176 1667
176 1671
176 1869
176 1920
177 505
177 698
177 864
177 1304
177 1368
177 1865
177 1917
178 983
178 1093
178 1144
178 1165
178 1225
178 1307
178 1355
178 1668
178 1701
179 387
179 487
179 612
179 666
179 681
179 696
179 845
179 910
179 987
179 997
179 1135
179 1136
179 1377
179 1525
179 1698
179 1735
179 1757
180 202
180 333
180 405
180 433
180 574
180 610
180 630
180 632
180 655
180 813
180 816
180 835
180 976
180 1010
180 1014
180 1178
180 1189
180 1192
180 1221
180 1294
180 1348
180 1367
180 1398
180 1499
180 1630
180 1689
180 1785
180 1937
181 262
181 267
181 448
181 464
181 781
181 887
181 1002
181 1160
182 381
182 1154
182 1236
182 1256
182 1308
182 1340
182 1403
182 1703
183 433
183 574
183 602
183 741
183 796
183 858
183 910
183 1017
183 1054
183 1136
183 1325
183 1508
183 1843
183 1844
183 1867
183 1881
184 381
184 1049
184 1151
184 1444
184 1446
184 1498
184 1561
185 526
185 541
185 589
185 701
185 710
185 802
185 1095
185 1116
185 1138
185 1212
185 1219
185 1227
185 1509
185 1632
185 1633
185 1924
186 261
186 309
186 331
186 354
186 672
186 702
186 907
186 1011
186 1218
186 1654
186 1676
187 267
187 538
187 555
187 667
187 773
187 1160
187 1264
187 1613
187 1722
188 260
188 766
188 784
188 1053
188 1393
188 1662
188 1693
189 308
189 781
189 859
189 904
189 1008
189 1155
189 1221
189 1689
189 1783
189 1894
190 646
190 849
190 913
190 991
190 1188
190 1216
190 1759
190 1766
190 1778
190 1833
190 1934
191 240
191 668
191 790
191 853
191 887
191 906
191 991
191 1143
191 1349
192 346
192 487
192 744
192 909
192 928
192 1170
192 1483
192 1571
192 1646
192 1701
192 1799
192 1888
193 236
193 442
193 596
193 894
193 1270
193 1718
193 1831
194 312
194 509
194 804
194 1091
194 1210
194 1421
194 1913
195 342
195 352
195 543
195 784
195 980
195 1194
195 1580
195 1662
195 1708
195 1820
196 227
196 393
196 881
196 1155
196 1236
196 1687
196 1830
197 230
197 339
197 378
197 533
197 581
197 590
197 706
197 735
197 959
197 1075
197 1144
197 1165
197 1260
197 1358
197 1418
197 1458
197 1482
197 1556
197 1576
197 1584
197 1605
197 1661
197 1738
198 315
198 374
198 424
198 447
198 699
198 735
198 924
198 1028
198 1075
198 1157
198 1245
198 1311
198 1533
198 1752
199 257
199 636
199 659
199 989
199 1269
199 1350
199 1410
199 1444
199 1470
199 1583
199 1644
199 1760
200 237
200 250
200 419
200 492
200 493
200 514
200 607
200 660
200 684
200 695
200 702
200 965
200 1020
200 1285
200 1292
200 1335
200 1725
201 222
201 266
201 338
201 930
201 1076
201 1300
201 1477
201 1621
201 1679
202 771
202 824
202 937
202 1039
202 1141
202 1178
202 1294
202 1868
202 1892
203 284
203 428
203 589
203 680
203 802
203 836
203 948
203 952
203 999
203 1214
203 1232
203 1299
203 1347
203 1534
203 1626
203 1663
203 1667
203 1719
203 1723
203 1737
203 1803
203 1834
203 1855
203 1869
203 1931
203 1933
204 247
204 289
204 342
204 490
204 542
204 1120
204 1930
205 341
205 355
205 356
205 575
205 644
205 682
205 935
205 1167
205 1608
206 482
206 512
206 729
206 809
206 865
206 901
206 923
206 986
206 1025
206 1032
206 1058
206 1077
206 1083
206 1090
206 1150
206 1200
206 1212
206 1248
206 1288
206 1355
206 1378
206 1457
206 1568
206 1632
206 1668
206 1706
206 1861
206 1923
207 384
207 499
207 562
207 783
207 1092
207 1197
207 1273
207 1500
207 1584
208 341
208 468
208 537
208 578
208 785
208 796
208 1167
208 1430
208 1560
208 1567
208 1657
208 1702
209 230
209 630
209 675
209 678
209 832
209 1010
209 1391
209 1497
209 1576
209 1594
209 1928
210 231
210 306
210 310
210 362
210 381
210 639
210 652
210 664
210 851
210 875
210 876
210 933
210 1035
210 1085
210 1215
210 1308
210 1484
210 1591
210 1927
211 600
211 812
211 898
211 942
211 1013
211 1221
211 1348
211 1388
211 1425
211 1797
211 1880
211 1927
212 254
212 456
212 482
212 700
212 779
212 854
212 930
212 1264
212 1512
212 1572
212 1613
212 1923
213 377
213 399
213 504
213 620
213 898
213 1247
213 1502
214 396
214 514
214 571
214 613
214 796
214 807
214 1054
214 1128
214 1313
214 1539
214 1725
214 1751
215 229
215 488
215 557
215 759
215 1097
215 1147
215 1262
215 1475
215 1489
215 1560
215 1573
215 1640
215 1702
215 1739
215 1761
215 1770
215 1810
216 343
216 794
216 992
216 1061
216 1504
216 1760
217 227
217 234
217 262
217 1241
217 1256
217 1296
217 1452
217 1622
217 1650
217 1859
217 1873
218 344
218 773
218 794
218 1096
218 1414
218 1506
219 424
219 616
219 646
219 747
219 877
219 985
219 1073
219 1102
219 1258
219 1350
219 1805
220 511
220 662
220 767
220 798
220 849
220 880
220 999
220 1096
220 1644
220 1655
220 1779
221 229
221 313
221 415
221 471
221 709
221 1011
221 1062
221 1079
221 1132
221 1218
221 1237
221 1260
221 1438
221 1781
221 1872
221 1904
221 1915
222 234
222 338
222 683
222 798
222 957
222 999
222 1004
222 1029
222 1191
222 1214
222 1300
222 1571
222 1793
222 1832
222 1873
223 579
223 775
223 815
223 1221
223 1318
223 1360
223 1396
223 1406
223 1474
223 1717
223 1785
223 1848
224 231
224 876
224 882
224 984
224 1392
224 1454
224 1643
224 1820
224 1887
225 366
225 417
225 429
225 503
225 791
225 937
225 1081
225 1255
225 1334
225 1836
226 246
226 259
226 514
226 1031
226 1281
226 1292
226 1313
226 1592
227 322
227 506
227 621
227 629
227 767
227 771
227 849
227 912
227 1038
227 1198
227 1236
227 1452
227 1800
227 1899
228 315
228 394
228 648
228 690
228 1371
228 1378
228 1742
228 1861
229 313
229 655
229 709
229 759
229 941
229 1010
229 1041
229 1045
229 1217
229 1429
229 1537
229 1567
229 1761
230 342
230 374
230 394
230 471
230 731
230 736
230 737
230 914
230 956
230 959
230 980
230 1127
230 1157
230 1352
230 1383
230 1434
230 1524
230 1536
230 1594
230 1677
230 1792
230 1849
230 1930
231 594
231 717
231 1035
231 1370
231 1454
231 1648
231 1800
232 343
232 467
232 511
232 523
232 816
232 870
232 952
232 1541
232 1853
232 1932
233 958
233 1134
233 1157
233 1251
233 1316
233 1383
233 1614
234 408
234 544
234 679
234 771
234 1175
234 1241
234 1354
234 1469
234 1496
234 1571
235 244
235 256
235 396
235 529
235 678
235 914
235 1050
235 1161
235 1651
235 1701
236 334
236 363
236 586
236 702
236 810
236 907
236 1063
236 1285
236 1579
236 1693
237 455
237 545
237 615
237 1049
237 1067
237 1292
237 1569
237 1716
237 1776
237 1824
237 1828
237 1910
238 352
238 368
238 452
238 576
238 588
238 777
238 784
238 1023
238 1164
238 1276
238 1337
238 1471
238 1636
238 1643
238 1700
238 1938
239 245
239 363
239 366
239 408
239 442
239 568
239 586
239 836
239 890
239 966
239 1201
239 1241
239 1296
239 1390
239 1448
239 1663
239 1825
239 1835
240 252
240 278
240 371
240 466
240 579
240 933
240 989
240 1108
240 1349
240 1410
240 1591
240 1746
241 347
241 402
241 407
241 492
241 879
241 1060
241 1108
241 1290
241 1314
241 1747
241 1876
242 380
242 512
242 640
242 795
242 820
242 845
242 915
242 980
242 1525
242 1529
242 1542
242 1637
242 1650
242 1659
242 1856
242 1923
243 255
243 292
243 778
243 1345
243 1489
243 1490
243 1608
243 1739
244 358
244 954
244 1117
244 1180
244 1651
244 1801
244 1925
245 363
245 414
245 435
245 907
245 982
245 1201
245 1646
246 258
246 620
246 897
246 1292
246 1569
246 1894
247 342
247 960
247 1053
247 1097
247 1230
247 1662
247 1849
247 1912
248 258
248 334
248 372
248 475
248 579
248 609
248 668
248 715
248 753
248 897
248 942
248 1098
248 1145
248 1187
248 1270
248 1349
248 1446
248 1453
248 1493
248 1561
248 1717
248 1763
248 1880
248 1885
248 1893
249 361
249 418
249 522
249 602
249 896
249 916
249 1195
249 1208
249 1351
249 1692
249 1799
249 1925
250 455
250 645
250 660
250 762
250 932
250 1082
250 1754
251 273
251 466
251 611
251 1007
251 1342
251 1704
251 1707
251 1752
251 1824
251 1855
251 1869
252 371
252 1196
252 1364
252 1402
252 1504
252 1515
252 1884
252 1902
253 294
253 477
253 577
253 624
253 641
253 908
253 1009
253 1052
253 1402
253 1470
253 1535
253 1786
254 667
254 1231
254 1264
254 1456
254 1669
254 1834
255 844
255 1257
255 1363
255 1608
255 1609
255 1631
255 1765
255 1874
255 1881
256 396
256 539
256 647
256 782
256 902
256 1117
256 1170
256 1218
256 1394
256 1438
256 1441
256 1697
257 444
257 654
257 1002
257 1331
257 1414
257 1437
257 1644
258 457
258 609
258 1031
258 1154
258 1493
258 1624
258 1894
259 310
259 376
259 478
259 479
259 502
259 569
259 601
259 610
259 664
259 675
259 793
259 897
259 940
259 1010
259 1019
259 1045
259 1270
259 1281
259 1476
259 1592
259 1616
259 1715
259 1831
259 1846
259 1850
259 1891
260 390
260 493
260 684
260 766
260 938
260 1018
260 1198
260 1518
260 1653
260 1671
260 1800
260 1826
260 1935
261 321
261 462
261 586
261 633
261 702
261 765
261 1167
261 1174
261 1218
261 1323
261 1394
261 1448
261 1688
261 1886
262 432
262 781
262 788
262 889
262 1155
262 1160
262 1452
262 1478
262 1539
262 1613
262 1933
263 431
263 473
263 711
263 729
263 742
263 803
263 868
263 901
263 978
263 1006
263 1071
263 1463
263 1815
263 1917
264 512
264 559
264 593
264 1007
264 1091
264 1101
264 1288
264 1342
264 1465
264 1468
264 1529
264 1604
264 1610
265 492
265 510
265 582
265 1109
265 1339
265 1368
265 1646
265 1666
265 1896
265 1898
266 410
266 428
266 448
266 456
266 464
266 511
266 531
266 538
266 670
266 816
266 843
266 913
266 999
266 1129
266 1155
266 1385
266 1395
266 1613
266 1621
266 1630
266 1679
266 1687
266 1714
266 1749
266 1778
266 1783
266 1798
267 343
267 467
267 536
267 887
267 1512
267 1613
267 1766
267 1778
267 1806
268 393
268 851
268 876
268 937
268 967
268 1042
268 1443
268 1593
268 1664
268 1716
268 1800
268 1907
269 485
269 1016
269 1159
269 1249
269 1315
269 1504
270 371
270 400
270 449
270 594
270 639
270 693
270 774
270 963
270 1035
270 1270
270 1709
270 1777
271 468
271 537
271 576
271 606
271 612
271 616
271 628
271 728
271 772
271 866
271 1021
271 1026
271 1055
271 1102
271 1377
271 1399
271 1415
271 1471
271 1482
271 1494
271 1520
271 1596
271 1618
271 1656
271 1661
271 1780
271 1817
271 1903
272 407
272 475
272 638
272 655
272 666
272 816
272 1150
272 1185
272 1464
272 1552
272 1658
272 1705
272 1757
272 1798
272 1876
272 1923
273 513
273 568
273 570
273 804
273 836
273 945
273 1125
273 1190
273 1261
273 1503
273 1623
273 1847
273 1855
274 324
274 476
274 817
274 860
274 872
274 1058
274 1186
274 1215
274 1426
274 1492
274 1591
274 1895
274 1923
275 463
275 568
275 586
275 589
275 765
275 810
275 908
275 1862
275 1924
276 434
276 485
276 701
276 1327
276 1475
276 1489
276 1633
277 650
277 673
277 713
277 1462
277 1488
277 1834
277 1931
278 304
278 532
278 639
278 860
278 887
278 902
278 978
278 1088
278 1108
278 1112
278 1127
278 1428
278 1438
278 1505
278 1591
278 1677
278 1709
278 1829
279 334
279 751
279 1101
279 1145
279 1255
279 1344
279 1356
279 1362
279 1511
280 471
280 587
280 1011
280 1155
280 1354
280 1359
280 1621
280 1622
280 1736
281 299
281 831
281 874
281 1149
281 1467
281 1550
282 358
282 657
282 958
282 1134
282 1161
282 1329
282 1353
282 1629
282 1651
283 311
283 321
283 462
283 580
283 745
283 865
283 923
283 1063
283 1158
283 1363
283 1535
283 1590
283 1786
283 1879
283 1908
284 392
284 538
284 580
284 773
284 887
284 999
284 1140
284 1223
284 1347
284 1379
284 1433
284 1730
284 1742
284 1766
284 1790
285 376
285 594
285 610
285 876
285 1151
285 1226
285 1252
285 1384
285 1442
285 1848
286 339
286 521
286 665
286 1030
286 1053
286 1309
286 1837
286 1879
286 1908
287 314
287 652
287 666
287 795
287 946
287 1013
287 1460
287 1570
287 1628
287 1927
288 333
288 403
288 655
288 796
288 858
288 1313
288 1447
288 1523
288 1731
288 1838
289 451
289 1792
289 1912
289 1930
290 307
290 443
290 527
290 605
290 803
290 901
290 1278
290 1305
290 1632
291 749
291 752
291 1159
291 1188
291 1262
291 1475
291 1566
291 1764
291 1803
292 606
292 705
292 707
292 778
292 805
292 844
292 1102
292 1120
292 1450
292 1877
293 407
293 992
293 1022
293 1110
293 1150
293 1202
293 1248
293 1314
293 1470
293 1742
293 1790
294 401
294 542
294 641
294 822
294 1088
294 1345
294 1537
294 1581
294 1655
294 1710
295 373
295 395
295 559
295 565
295 572
295 575
295 581
295 681
295 741
295 772
295 910
295 977
295 979
295 1382
295 1411
295 1435
295 1482
295 1533
296 374
296 910
296 1050
296 1122
296 1311
296 1612
297 357
297 498
297 574
297 610
297 793
297 876
297 1337
297 1664
297 1684
297 1789
297 1883
297 1926
298 466
298 605
298 891
298 1304
298 1410
298 1421
298 1760
298 1809
299 1306
299 1322
299 1455
299 1467
299 1475
299 1578
300 383
300 692
300 736
300 1032
300 1161
300 1412
301 317
301 487
301 498
301 579
301 834
301 940
301 997
301 1376
301 1394
301 1397
301 1441
301 1588
301 1732
301 1743
301 1926
302 410
302 411
302 536
302 541
302 670
302 710
302 1254
302 1341
302 1665
302 1721
302 1816
303 558
303 573
303 600
303 1047
303 1312
303 1543
303 1551
303 1686
303 1800
304 376
304 449
304 570
304 600
304 818
304 887
304 945
304 1047
304 1088
304 1151
304 1270
304 1349
304 1425
304 1528
304 1542
304 1562
304 1650
304 1808
305 330
305 497
305 738
305 787
305 802
305 1029
305 1342
305 1650
305 1773
305 1824
305 1828
305 1873
305 1924
306 362
306 684
306 1285
306 1507
306 1693
307 508
307 510
307 560
307 633
307 744
307 1091
307 1355
307 1368
307 1423
307 1632
308 320
308 403
308 642
308 771
308 969
308 1193
308 1301
308 1523
308 1652
308 1686
308 1716
308 1894
309 331
309 431
309 480
309 486
309 723
309 782
309 978
309 1034
309 1501
309 1517
309 1608
309 1827
310 376
310 530
310 601
310 1615
310 1808
310 1927
311 373
311 572
311 948
311 1068
311 1172
311 1363
311 1582
311 1770
311 1803
312 480
312 581
312 611
312 883
312 977
312 1062
312 1125
312 1133
312 1157
312 1250
312 1286
312 1827
313 413
313 678
313 800
313 1353
313 1496
313 1651
313 1801
314 328
314 747
314 1048
314 1156
314 1242
314 1342
314 1464
314 1529
314 1586
314 1704
314 1735
314 1772
315 438
315 447
315 731
315 776
315 787
315 1157
315 1242
315 1342
315 1667
315 1762
315 1855
316 364
316 380
316 529
316 748
316 1163
316 1225
316 1377
316 1458
316 1525
316 1618
317 400
317 402
317 449
317 492
317 493
317 496
317 556
317 625
317 664
317 820
317 919
317 1109
317 1370
317 1406
317 1452
317 1474
317 1484
317 1543
317 1650
317 1775
317 1800
317 1824
317 1869
317 1933
318 387
318 486
318 681
318 846
318 1027
318 1315
318 1435
318 1467
318 1565
318 1608
318 1609
318 1764
318 1805
318 1929
319 386
319 778
319 910
319 1167
319 1230
319 1489
319 1575
319 1598
320 390
320 603
320 760
320 822
320 859
320 971
320 976
320 1023
320 1634
320 1664
320 1710
320 1716
320 1841
320 1938
321 586
321 589
321 680
321 923
321 966
321 1549
321 1632
321 1759
321 1833
321 1864
321 1897
322 340
322 587
322 629
322 655
322 845
322 1014
322 1236
322 1407
322 1426
322 1541
323 480
323 650
323 892
323 924
323 1203
323 1273
323 1472
323 1544
323 1565
323 1668
323 1929
324 659
324 826
324 992
324 1061
324 1407
324 1444
324 1670
324 1687
324 1798
325 530
325 564
325 601
325 671
325 855
325 960
325 973
325 990
325 1010
325 1024
325 1243
325 1398
325 1600
326 498
326 770
326 812
326 827
326 970
326 1303
326 1375
326 1392
326 1416
326 1555
326 1887
326 1893
327 668
327 917
327 1002
327 1078
327 1178
327 1185
327 1221
327 1376
327 1385
327 1397
327 1558
327 1749
327 1868
327 1871
327 1880
327 1919
328 346
328 413
328 579
328 678
328 742
328 914
328 1175
328 1526
328 1571
328 1588
328 1594
328 1735
328 1746
328 1793
328 1911
329 393
329 582
329 697
329 967
329 1003
329 1186
329 1324
329 1380
329 1461
329 1871
330 370
330 916
330 1074
330 1353
330 1637
330 1692
330 1814
331 566
331 765
331 1179
331 1250
331 1577
331 1654
331 1719
331 1737
331 1807
331 1862
332 422
332 469
332 510
332 868
332 1142
332 1231
332 1666
332 1923
333 574
333 696
333 858
333 990
333 997
333 1000
333 1189
333 1516
334 363
334 381
334 417
334 539
334 568
334 664
334 693
334 751
334 810
334 956
334 1109
334 1154
334 1170
334 1254
334 1270
334 1295
334 1356
334 1443
334 1487
334 1514
334 1528
334 1561
334 1623
334 1646
334 1721
335 405
335 503
335 594
335 818
335 835
335 1151
335 1356
335 1370
335 1561
336 400
336 492
336 522
336 539
336 607
336 834
336 847
336 855
336 1089
336 1127
336 1376
336 1380
336 1709
336 1799
336 1871
336 1888
337 506
337 680
337 859
337 912
337 1298
337 1299
337 1641
337 1689
337 1841
338 436
338 456
338 657
338 737
338 850
338 914
338 957
338 1037
338 1168
338 1289
338 1353
338 1469
338 1665
338 1839
339 395
339 517
339 562
339 665
339 808
339 980
339 1107
339 1175
339 1182
339 1211
339 1309
339 1362
339 1482
339 1520
339 1529
339 1559
339 1586
339 1610
339 1636
339 1700
339 1711
339 1793
340 382
340 433
340 435
340 727
340 766
340 780
340 845
340 1014
340 1136
340 1198
340 1233
340 1393
340 1445
340 1581
340 1652
340 1674
340 1710
340 1856
341 355
341 578
341 626
341 910
341 1696
342 501
342 576
342 681
342 960
342 980
342 1217
342 1276
342 1284
342 1482
342 1774
342 1792
342 1794
343 392
343 436
343 456
343 518
343 548
343 773
343 952
343 1002
343 1033
343 1113
343 1188
343 1350
343 1512
343 1778
344 454
344 541
344 725
344 743
344 773
344 870
344 1003
344 1061
344 1116
344 1790
344 1806
345 629
345 1239
345 1274
345 1285
345 1292
345 1446
345 1866
346 568
346 719
346 795
346 924
346 951
346 993
346 1048
346 1075
346 1144
346 1170
346 1261
346 1460
346 1481
346 1544
346 1588
346 1701
346 1743
347 484
347 492
347 1380
347 1484
347 1591
347 1649
348 427
348 699
348 741
348 838
348 944
348 1337
348 1530
348 1767
348 1788
348 1916
349 490
349 699
349 738
349 812
349 1120
349 1162
349 1232
349 1740
349 1920
350 421
350 522
350 762
350 932
350 1117
350 1169
350 1352
351 429
351 452
351 522
351 607
351 660
351 740
351 783
351 955
351 1036
351 1195
351 1282
351 1337
351 1501
352 501
352 569
352 793
352 1119
352 1636
352 1673
353 756
353 833
353 951
353 1122
353 1135
353 1377
353 1412
353 1415
354 480
354 879
354 913
354 996
354 1011
354 1062
354 1067
354 1396
354 1607
354 1679
354 1688
355 821
355 1102
355 1217
355 1276
355 1519
355 1700
355 1711
356 423
356 472
356 627
356 707
356 778
356 954
356 1167
356 1333
356 1408
356 1422
356 1519
356 1881
357 516
357 574
357 827
357 861
357 885
357 1348
357 1636
358 1084
358 1161
358 1338
358 1925
359 382
359 474
359 602
359 603
359 704
359 719
359 780
359 895
359 1232
359 1298
359 1299
359 1416
359 1439
359 1502
359 1508
359 1510
359 1678
359 1854
360 416
360 451
360 535
360 736
360 833
360 979
360 1172
360 1640
360 1761
360 1849
360 1860
360 1912
361 522
361 608
361 783
361 948
361 1032
361 1069
361 1070
361 1172
361 1568
361 1834
362 491
362 727
362 811
362 1308
362 1361
362 1703
362 1754
363 465
363 596
363 609
363 1005
363 1103
363 1154
363 1390
363 1404
363 1485
363 1627
363 1703
363 1754
363 1758
364 438
364 619
364 633
364 683
364 731
364 800
364 914
364 972
364 983
364 1225
364 1343
364 1465
364 1529
364 1574
364 1795
364 1886
365 535
365 741
365 783
365 1172
365 1411
365 1782
366 503
366 632
366 697
366 715
366 835
366 1109
366 1141
366 1241
366 1270
366 1758
367 863
367 879
367 1125
367 1472
367 1654
367 1857
368 377
368 602
368 858
368 960
368 990
368 1279
368 1333
368 1351
368 1374
368 1642
368 1710
368 1938
369 1037
369 1144
369 1283
369 1353
369 1420
369 1475
369 1875
370 397
370 656
370 761
370 802
370 852
370 1572
370 1666
370 1814
370 1834
371 653
371 709
371 998
371 1079
371 1292
371 1335
371 1515
371 1777
371 1870
372 426
372 439
372 1098
372 1252
372 1425
372 1893
373 592
373 741
373 1097
374 450
374 593
374 731
374 739
374 1102
374 1311
374 1336
374 1418
374 1529
374 1536
374 1673
374 1877
374 1909
375 483
375 1560
375 1567
375 1691
375 1914
376 479
376 875
376 1047
376 1088
376 1252
376 1580
376 1704
377 389
377 504
377 685
377 1043
377 1164
377 1287
377 1385
377 1642
377 1714
377 1880
377 1920
378 500
378 634
378 691
378 736
378 951
378 1144
378 1466
378 1585
379 410
379 475
379 798
379 1552
379 1714
379 1721
379 1784
379 1807
379 1825
379 1862
379 1902
380 387
380 529
380 532
380 560
380 678
380 683
380 791
380 978
380 1091
380 1166
380 1391
380 1517
380 1525
380 1669
381 476
381 492
381 503
381 547
381 582
381 697
381 716
381 851
381 899
381 1111
381 1215
381 1285
381 1290
381 1360
381 1370
381 1403
381 1446
381 1498
381 1526
381 1528
381 1649
381 1703
381 1808
381 1858
382 392
382 393
382 420
382 577
382 580
382 623
382 938
382 952
382 1052
382 1232
382 1324
382 1407
382 1445
382 1502
382 1590
382 1653
382 1853
382 1921
383 1225
383 1792
383 1794
384 634
384 756
384 1183
384 1197
384 1412
384 1467
384 1929
385 561
385 1017
385 1068
385 1126
385 1325
386 920
386 951
386 1044
386 1320
386 1578
387 405
387 479
387 489
387 557
387 572
387 575
387 616
387 729
387 759
387 818
387 845
387 865
387 978
387 1010
387 1088
387 1345
387 1363
387 1377
387 1391
387 1426
387 1445
387 1492
387 1608
387 1805
387 1889
387 1921
388 861
388 1156
388 1176
388 1618
388 1780
388 1914
389 399
389 738
389 971
389 1053
389 1137
389 1164
390 405
390 971
390 976
390 1363
390 1366
390 1549
390 1597
390 1791
390 1935
391 734
391 820
391 854
391 893
391 1028
391 1177
391 1246
391 1572
391 1814
391 1824
391 1851
392 906
392 969
392 999
392 1052
392 1258
392 1259
392 1652
392 1778
392 1853
393 439
393 547
393 573
393 597
393 668
393 774
393 881
393 906
393 938
393 967
393 1014
393 1035
393 1186
393 1215
393 1407
393 1416
393 1427
393 1558
393 1630
393 1672
393 1687
393 1741
393 1787
393 1800
393 1893
394 611
394 624
394 677
394 801
394 820
394 868
394 1242
394 1434
394 1470
394 1707
394 1772
394 1872
395 554
395 562
395 581
395 730
395 924
395 1211
395 1273
395 1401
395 1481
395 1788
395 1847
396 423
396 500
396 561
396 572
396 666
396 833
396 909
396 910
396 940
396 951
396 954
396 956
396 973
396 1010
396 1054
396 1068
396 1092
396 1128
396 1170
396 1464
396 1500
396 1732
396 1914
396 1937
397 773
397 840
397 1077
397 1090
397 1297
397 1766
398 721
398 888
398 929
398 1044
398 1251
398 1277
398 1578
398 1840
398 1855
399 585
399 591
399 898
399 925
399 1053
399 1601
400 824
400 839
400 984
400 1337
400 1474
400 1638
400 1643
400 1694
401 612
401 681
401 719
401 747
401 822
401 935
401 1023
401 1048
401 1276
401 1494
401 1696
401 1752
402 556
402 579
402 658
402 864
402 875
402 1060
402 1098
402 1226
402 1252
402 1304
402 1360
402 1431
402 1484
402 1526
402 1900
403 646
403 655
403 747
403 822
403 1051
403 1189
403 1193
403 1346
403 1773
403 1894
404 495
404 603
404 760
404 895
404 998
404 1079
404 1131
404 1175
404 1260
404 1539
404 1602
404 1770
404 1802
404 1810
404 1897
404 1918
405 481
405 594
405 616
405 623
405 631
405 774
405 791
405 866
405 912
405 937
405 952
405 994
405 997
405 1332
405 1350
405 1597
405 1723
405 1764
405 1791
405 1800
406 583
406 755
406 777
406 1042
406 1073
406 1118
406 1268
406 1520
406 1700
406 1903
406 1907
407 445
407 484
407 646
407 906
407 991
407 1215
407 1290
407 1470
407 1747
407 1783
407 1798
407 1900
408 521
408 551
408 665
408 757
408 1296
408 1387
408 1892
409 809
409 873
409 1148
409 1153
409 1254
409 1436
409 1632
409 1646
409 1654
409 1681
410 420
410 481
410 511
410 518
410 541
410 662
410 952
410 1129
410 1148
410 1219
410 1248
410 1347
410 1405
410 1504
410 1568
410 1790
410 1807
411 598
411 889
411 1154
411 1254
411 1405
411 1513
412 750
412 895
412 1129
412 1299
412 1387
412 1459
412 1568
412 1602
412 1668
412 1782
412 1931
413 941
413 1228
413 1353
413 1793
413 1904
414 432
414 587
414 930
414 1154
414 1241
414 1275
414 1646
414 1830
415 850
415 1079
415 1091
415 1210
415 1220
415 1275
415 1469
415 1936
416 418
416 521
416 551
416 554
416 562
416 672
416 702
416 914
416 1020
416 1030
416 1063
416 1104
416 1158
416 1175
416 1317
416 1753
416 1849
416 1886
416 1925
417 503
417 660
417 698
417 723
417 782
417 792
417 1092
417 1170
417 1261
417 1623
417 1896
418 607
418 614
418 1020
418 1195
418 1606
418 1799
418 1841
419 435
419 465
419 492
419 584
419 727
419 1340
419 1365
419 1703
419 1775
419 1821
420 474
420 580
420 662
420 668
420 1385
420 1644
420 1760
420 1884
421 964
421 1084
421 1282
421 1631
421 1849
422 461
422 469
422 721
422 802
422 860
422 1532
422 1613
422 1798
423 537
423 613
423 669
423 719
423 772
423 890
423 910
423 936
423 939
423 997
423 1000
423 1118
423 1122
423 1167
423 1268
423 1291
423 1367
423 1394
423 1408
423 1508
423 1522
423 1663
423 1682
423 1696
423 1723
423 1937
424 434
424 480
424 719
424 772
424 913
424 924
424 977
424 1102
424 1232
424 1310
424 1379
424 1608
424 1855
424 1921
425 483
425 688
425 975
425 979
425 1028
425 1227
425 1455
425 1533
425 1572
426 558
426 642
426 689
426 877
426 1193
426 1252
426 1486
426 1615
426 1900
427 535
427 708
427 1036
427 1263
427 1422
427 1755
427 1849
428 536
428 538
428 667
428 764
428 852
428 1131
428 1472
428 1534
428 1681
428 1834
429 631
429 639
429 660
429 758
429 876
429 937
429 1222
429 1367
429 1394
429 1438
429 1521
429 1713
429 1715
429 1785
429 1836
429 1848
430 432
430 496
430 712
430 930
430 1109
430 1190
430 1613
430 1721
431 619
431 633
431 634
431 782
431 1125
431 1261
431 1463
431 1827
431 1901
432 905
432 1109
432 1154
432 1452
433 655
433 661
433 739
433 750
433 780
433 844
433 858
433 976
433 1026
433 1051
433 1073
433 1102
433 1162
433 1232
433 1268
433 1272
433 1387
433 1390
433 1404
433 1519
433 1537
433 1553
433 1663
433 1710
433 1791
433 1881
433 1892
434 460
434 485
434 735
434 865
434 1131
434 1205
434 1209
434 1288
434 1315
434 1608
434 1610
434 1620
435 531
435 587
435 677
435 750
435 820
435 965
435 982
435 1359
435 1754
435 1775
435 1835
435 1856
435 1926
436 742
436 869
436 1033
436 1289
437 475
437 503
437 570
437 636
437 698
437 879
437 1269
437 1290
437 1561
437 1646
437 1798
438 529
438 619
438 683
438 690
438 863
438 924
438 1125
438 1214
438 1286
438 1645
438 1701
438 1855
439 573
439 668
439 826
439 1047
439 1141
439 1252
439 1269
439 1444
439 1934
440 481
440 518
440 520
440 597
440 853
440 1083
440 1114
440 1143
440 1202
440 1216
440 1310
440 1350
440 1378
440 1491
440 1730
440 1742
441 783
441 806
441 959
441 1195
441 1584
442 502
442 504
442 580
442 665
442 709
442 799
442 810
442 1132
442 1171
442 1182
442 1270
442 1390
442 1537
442 1777
442 1879
443 510
443 658
443 864
443 1108
443 1265
443 1278
443 1413
443 1436
444 622
444 989
444 1407
444 1437
444 1672
444 1853
444 1894
445 448
445 621
445 1110
445 1236
445 1437
445 1783
446 510
446 801
446 983
446 1058
446 1265
446 1355
446 1795
447 720
447 977
447 1286
447 1383
447 1930
448 852
448 1002
448 1080
448 1152
448 1512
448 1745
448 1749
448 1798
449 887
449 1047
449 1049
449 1406
449 1442
449 1543
450 489
450 736
450 1165
450 1377
450 1468
450 1482
450 1529
450 1533
450 1575
451 688
451 736
451 950
451 1149
451 1321
451 1382
451 1925
451 1930
452 557
452 602
452 616
452 669
452 682
452 935
452 1023
452 1097
452 1195
452 1367
452 1399
452 1540
452 1603
452 1796
452 1841
453 936
453 939
453 1337
453 1362
453 1471
453 1661
453 1738
453 1883
454 456
454 676
454 725
454 767
454 1074
454 1096
454 1215
454 1236
454 1403
454 1687
454 1932
455 1287
455 1534
455 1754
455 1869
455 1920
456 548
456 638
456 737
456 773
456 956
456 999
456 1041
456 1069
456 1096
456 1128
456 1364
456 1373
456 1429
456 1504
456 1532
456 1539
456 1552
456 1613
456 1665
456 1721
456 1834
456 1918
456 1932
457 579
457 786
457 1012
457 1513
457 1545
457 1894
458 491
458 677
458 727
458 758
458 857
458 1280
458 1352
458 1434
458 1821
459 939
459 1319
459 1417
459 1693
459 1754
459 1926
460 572
460 650
460 900
460 1466
460 1488
460 1500
460 1585
460 1608
460 1929
461 683
461 733
461 846
461 860
461 1058
461 1095
461 1191
461 1200
461 1249
461 1505
461 1565
461 1669
461 1917
462 637
462 1132
462 1158
462 1230
462 1323
462 1440
462 1640
462 1683
462 1849
462 1879
463 521
463 707
463 805
463 838
463 1029
463 1149
463 1309
463 1788
463 1925
464 670
464 824
464 887
464 1039
464 1223
464 1385
464 1449
464 1478
465 539
465 551
465 702
465 750
465 1012
465 1365
465 1404
465 1448
465 1513
465 1744
466 480
466 579
466 605
466 611
466 790
466 820
466 978
466 1305
466 1406
466 1472
466 1743
466 1885
466 1921
467 536
467 814
467 931
467 1139
467 1437
468 489
468 606
468 628
468 745
468 979
468 1306
468 1363
468 1702
468 1765
469 667
469 761
469 1094
469 1253
469 1472
470 675
470 819
470 1348
470 1367
470 1497
470 1682
470 1846
471 737
471 847
471 949
471 1169
471 1260
471 1352
471 1354
471 1469
471 1539
471 1859
471 1872
471 1909
472 741
472 831
472 936
472 1257
472 1724
472 1843
473 519
473 563
473 732
473 736
473 867
473 914
473 1165
473 1321
473 1458
473 1815
474 895
474 1027
474 1129
474 1385
474 1397
474 1597
474 1764
474 1897
475 513
475 715
475 753
475 945
475 1148
475 1290
475 1339
475 1372
475 1527
475 1646
475 1658
475 1746
475 1784
475 1876
476 528
476 716
476 906
476 1153
476 1427
476 1526
476 1571
476 1591
476 1646
476 1747
477 526
477 595
477 888
477 893
477 1041
477 1074
477 1096
477 1470
477 1566
477 1633
478 564
478 585
478 601
478 630
478 970
478 1036
478 1294
478 1337
478 1497
478 1648
478 1715
479 594
479 639
479 818
479 1258
479 1515
479 1536
479 1677
479 1680
479 1698
479 1715
479 1752
479 1889
480 924
480 985
480 1034
480 1125
480 1743
480 1857
481 597
481 865
481 994
481 1034
481 1219
481 1254
481 1405
481 1617
481 1630
481 1632
482 541
482 550
482 779
482 1077
482 1212
482 1504
483 500
483 673
483 692
483 900
483 1257
483 1455
483 1462
483 1629
483 1724
484 649
484 1065
484 1215
484 1473
484 1649
484 1670
484 1672
484 1779
485 713
485 830
485 929
485 1131
485 1184
485 1347
485 1369
485 1379
485 1472
485 1488
485 1504
485 1719
485 1840
485 1918
486 524
486 604
486 825
486 978
486 1114
486 1157
486 1200
486 1378
486 1505
486 1809
487 820
487 909
487 911
487 940
487 978
487 1075
487 1157
487 1242
487 1428
487 1441
487 1458
487 1483
487 1524
487 1525
487 1611
487 1735
488 542
488 557
488 602
488 1070
488 1299
488 1429
488 1459
488 1492
488 1573
488 1655
488 1719
488 1844
488 1895
488 1918
489 575
489 628
489 644
489 729
489 785
489 975
489 1457
489 1533
489 1794
490 497
490 746
490 841
490 915
490 944
490 980
490 1053
490 1309
490 1530
490 1538
490 1563
490 1930
491 504
491 652
491 727
491 799
491 884
491 1507
492 539
492 582
492 676
492 695
492 803
492 820
492 868
492 1049
492 1108
492 1215
492 1305
492 1340
492 1380
492 1413
492 1441
492 1637
492 1666
492 1814
492 1829
493 680
493 694
493 965
493 1671
493 1693
493 1775
493 1869
494 615
494 713
494 889
494 1094
494 1131
494 1253
494 1495
494 1725
495 554
495 615
495 710
495 711
495 714
495 962
495 988
495 1067
495 1095
495 1273
495 1897
495 1917
496 531
496 676
496 767
496 854
496 1364
496 1452
496 1613
496 1824
496 1832
496 1873
497 734
497 738
497 837
497 980
497 1041
497 1373
497 1383
497 1559
497 1768
498 770
498 793
498 1416
498 1521
498 1524
498 1787
499 752
499 1064
499 1172
499 1235
499 1475
499 1629
499 1640
500 650
500 936
500 1092
500 1462
500 1546
500 1585
500 1618
500 1661
500 1668
500 1724
500 1914
501 537
501 561
501 806
501 910
501 959
501 1482
501 1636
501 1838
502 543
502 746
502 944
502 1045
502 1263
502 1537
502 1553
502 1831
502 1835
503 527
503 639
503 698
503 742
503 803
503 815
503 818
503 1059
503 1477
503 1498
503 1934
504 543
504 665
504 768
504 799
504 884
504 932
504 947
504 960
504 980
504 1024
504 1053
504 1162
504 1247
504 1293
504 1296
504 1352
504 1393
504 1404
504 1417
504 1531
504 1718
504 1729
504 1754
504 1856
504 1859
504 1920
505 579
505 668
505 744
505 864
505 945
505 1059
505 1081
505 1339
505 1368
505 1427
506 617
506 771
506 797
506 859
506 968
506 1374
506 1643
506 1938
507 665
507 674
507 750
507 895
507 998
507 1272
507 1362
507 1754
507 1777
508 524
508 825
508 1161
508 1205
509 581
509 928
509 1144
509 1261
509 1273
509 1466
510 658
510 801
510 868
510 1423
510 1646
511 518
511 597
511 659
511 854
511 870
511 893
511 930
511 1096
511 1644
511 1687
511 1830
512 568
512 801
512 1182
512 1378
512 1529
512 1575
512 1706
512 1795
513 742
513 853
513 945
513 1083
513 1150
513 1267
513 1431
513 1498
513 1526
513 1885
514 571
514 645
514 677
514 859
514 894
514 940
514 1292
514 1346
514 1751
514 1829
515 577
515 624
515 857
515 916
515 1194
515 1208
515 1434
515 1930
516 1547
516 1636
516 1883
517 540
517 819
517 1520
517 1603
517 1738
518 686
518 773
518 1016
518 1216
519 539
519 656
519 809
519 914
519 1099
519 1168
519 1203
519 1368
519 1666
519 1668
519 1905
519 1917
520 538
520 648
520 658
520 891
520 892
520 991
520 992
520 1090
520 1143
520 1472
520 1632
520 1742
520 1750
520 1798
520 1833
521 546
521 586
521 1030
521 1671
521 1826
522 602
522 607
522 608
522 695
522 699
522 847
522 1157
522 1250
522 1282
522 1352
522 1534
522 1554
522 1642
522 1667
522 1920
523 622
523 654
523 912
523 922
523 1002
523 1065
523 1634
523 1689
523 1830
524 633
524 735
524 867
524 995
524 1046
524 1101
524 1146
524 1157
524 1225
524 1307
524 1458
524 1467
524 1511
525 839
525 843
525 866
525 937
525 1192
525 1375
525 1416
525 1521
525 1549
525 1593
525 1617
525 1630
525 1694
525 1817
525 1854
526 658
526 749
526 802
526 893
526 1106
526 1228
526 1414
526 1748
527 556
527 751
527 864
527 1059
527 1083
527 1109
527 1498
527 1632
527 1898
528 744
528 864
528 1022
528 1058
528 1060
528 1083
528 1202
528 1265
528 1528
528 1562
528 1646
528 1750
529 572
529 928
529 993
529 1091
529 1697
529 1701
529 1762
529 1913
530 558
530 666
530 1010
530 1014
530 1088
530 1215
530 1312
530 1346
530 1581
530 1695
530 1808
530 1829
531 545
531 823
531 862
531 919
531 1287
531 1364
531 1714
532 678
532 683
532 801
532 860
532 1088
532 1460
532 1701
532 1746
533 706
533 735
533 1107
533 1209
534 1138
534 1246
534 1383
534 1633
534 1683
534 1915
535 687
535 741
535 833
535 954
535 1812
536 725
536 774
536 817
536 848
536 952
536 1079
536 1139
536 1237
536 1324
536 1687
537 549
537 561
537 574
537 576
537 770
537 1291
537 1367
537 1375
537 1399
537 1430
537 1516
537 1521
538 773
538 943
538 966
538 1234
538 1730
538 1778
538 1833
538 1882
539 579
539 605
539 633
539 702
539 782
539 834
539 914
539 956
539 1034
539 1062
539 1108
539 1250
539 1254
539 1278
539 1304
539 1368
539 1396
539 1438
539 1511
539 1513
539 1654
539 1665
539 1857
540 819
540 882
540 886
540 1375
540 1392
540 1636
540 1656
540 1817
541 713
541 725
541 798
541 889
541 1191
541 1504
541 1613
541 1625
541 1632
542 602
542 641
542 935
542 1017
542 1120
542 1149
542 1284
542 1667
543 601
543 960
543 1393
543 1662
543 1767
544 771
544 998
544 1011
544 1318
544 1452
544 1513
544 1811
544 1832
545 734
545 738
545 913
545 919
545 965
545 1769
545 1824
546 757
546 838
546 1057
546 1536
546 1635
546 1826
546 1849
546 1916
547 716
547 1035
547 1072
547 1370
547 1419
547 1487
548 941
548 1061
548 1233
548 1429
548 1493
548 1545
548 1652
548 1655
548 1783
548 1806
548 1894
549 574
549 1240
549 1294
549 1643
549 1817
549 1867
549 1890
550 599
550 830
550 1227
550 1322
550 1457
550 1504
551 608
551 914
551 1201
551 1220
551 1300
551 1352
551 1387
551 1404
551 1469
551 1821
551 1911
552 605
552 690
552 1108
552 1125
552 1314
552 1491
552 1505
552 1742
553 885
553 886
553 1163
553 1255
553 1618
553 1638
553 1817
554 711
554 730
554 742
554 971
554 979
554 1029
554 1067
554 1175
554 1295
554 1300
554 1344
554 1356
554 1753
554 1788
554 1828
555 802
555 929
555 1080
555 1094
555 1251
555 1347
555 1495
555 1690
555 1722
555 1766
555 1833
555 1864
556 568
556 639
556 693
556 880
556 933
556 1108
556 1378
556 1436
556 1515
556 1632
556 1743
556 1809
557 564
557 576
557 704
557 719
557 808
557 935
557 981
557 987
557 1010
557 1021
557 1255
557 1291
557 1500
557 1501
557 1576
557 1608
557 1715
557 1739
557 1794
557 1836
557 1874
558 770
558 877
558 997
558 1014
558 1367
558 1557
558 1600
558 1800
558 1850
559 575
559 593
559 599
559 865
559 1007
559 1102
559 1435
559 1457
559 1494
559 1791
560 744
560 791
560 803
560 1076
560 1093
560 1161
560 1595
560 1637
561 574
561 696
561 793
561 861
561 1010
561 1017
561 1284
561 1377
561 1567
561 1638
561 1914
562 682
562 708
562 1064
562 1195
562 1517
562 1584
562 1804
562 1925
563 656
563 688
563 1321
563 1353
564 770
564 833
564 866
564 970
564 997
564 1010
564 1135
564 1192
564 1291
564 1409
564 1761
564 1780
564 1796
564 1812
565 831
565 977
565 1147
565 1386
565 1475
565 1929
566 647
566 657
566 782
566 1204
566 1329
566 1665
566 1737
566 1834
566 1896
567 938
567 1294
567 1298
567 1502
567 1523
567 1558
567 1689
567 1919
568 570
568 586
568 633
568 753
568 798
568 801
568 880
568 1101
568 1182
568 1241
568 1261
568 1460
568 1479
568 1526
568 1574
568 1632
568 1646
568 1650
568 1707
568 1750
568 1924
569 1119
569 1330
569 1332
569 1838
569 1846
569 1891
570 636
570 753
570 818
570 1266
570 1505
570 1561
570 1805
570 1825
571 947
571 1020
571 1104
571 1346
571 1381
571 1859
572 772
572 865
572 948
572 1032
572 1048
572 1121
572 1277
572 1377
572 1412
572 1464
572 1500
572 1533
572 1544
572 1546
572 1582
572 1697
572 1752
572 1762
572 1847
572 1855
572 1929
573 1014
573 1038
573 1221
573 1312
573 1527
574 796
574 855
574 866
574 1325
574 1547
574 1789
574 1937
575 616
575 935
575 1211
575 1333
575 1482
575 1731
575 1838
576 671
576 689
576 718
576 719
576 770
576 780
576 795
576 812
576 845
576 855
576 877
576 987
576 1013
576 1102
576 1120
576 1276
576 1284
576 1643
576 1673
576 1702
576 1820
577 602
577 616
577 628
577 662
577 684
577 695
577 916
577 952
577 1074
577 1215
577 1492
577 1581
577 1653
577 1858
578 785
578 1320
578 1450
578 1537
578 1598
579 668
579 998
579 1012
579 1252
579 1304
579 1318
579 1376
579 1438
579 1545
579 1611
579 1704
579 1743
579 1787
579 1848
579 1876
579 1884
579 1904
580 774
580 865
580 895
580 948
580 966
580 1079
580 1132
580 1220
580 1404
580 1433
580 1445
580 1568
580 1777
580 1791
581 711
581 1007
581 1157
581 1273
581 1466
581 1554
581 1584
581 1697
582 597
582 625
582 658
582 775
582 814
582 1143
582 1153
582 1254
582 1360
582 1414
582 1823
582 1871
583 771
583 925
583 976
583 1008
583 1073
583 1221
583 1271
583 1919
584 618
584 963
584 1012
584 1066
584 1139
584 1292
585 769
585 925
585 1045
585 1175
585 1354
585 1594
585 1761
585 1849
585 1909
585 1928
586 890
586 907
586 1167
586 1317
586 1671
586 1879
587 820
587 854
587 1011
587 1292
587 1340
587 1452
587 1830
587 1845
587 1872
588 689
588 784
588 827
588 876
588 1189
588 1367
588 1516
588 1686
589 662
589 765
589 986
589 1124
589 1184
589 1509
589 1535
589 1632
590 737
590 1037
590 1260
590 1321
590 1793
590 1915
590 1918
591 600
591 694
591 771
591 819
591 1043
591 1293
591 1354
591 1601
591 1622
591 1671
591 1859
592 682
592 720
592 977
592 1064
592 1097
592 1230
592 1489
592 1765
592 1803
593 821
593 1418
593 1468
593 1727
594 610
594 639
594 740
594 1332
594 1337
594 1442
594 1648
595 1062
595 1108
595 1206
595 1357
595 1402
595 1814
596 609
596 1031
596 1240
596 1270
596 1592
597 625
597 658
597 790
597 820
597 880
597 893
597 906
597 982
597 1052
597 1072
597 1111
597 1202
597 1226
597 1269
597 1436
597 1443
597 1470
597 1483
597 1527
597 1630
597 1646
597 1818
597 1830
598 693
598 1154
598 1341
598 1866
599 641
599 662
599 986
599 1150
599 1382
599 1504
599 1552
599 1840
600 753
600 898
600 946
600 1043
600 1185
600 1428
600 1543
600 1557
600 1650
600 1735
600 1880
601 758
601 876
601 1024
601 1384
602 681
602 741
602 855
602 960
602 1027
602 1097
602 1120
602 1136
602 1208
602 1299
602 1563
602 1647
602 1710
602 1767
602 1782
602 1841
602 1920
603 613
603 719
603 807
603 822
603 849
603 859
603 913
603 922
603 1065
603 1395
603 1407
603 1416
603 1549
603 1647
603 1655
603 1670
603 1894
603 1897
603 1899
604 698
604 782
604 803
604 879
604 902
604 1093
604 1108
604 1307
604 1565
604 1587
604 1809
605 751
605 865
605 901
605 978
605 1007
605 1046
605 1091
605 1108
605 1206
605 1511
605 1697
605 1905
605 1906
605 1936
606 728
606 741
606 829
606 1120
606 1149
607 702
607 1057
607 1174
607 1579
607 1736
607 1841
608 1105
608 1214
608 1300
608 1534
608 1753
608 1896
609 620
609 1012
609 1502
609 1627
610 835
610 919
610 963
610 1348
610 1553
610 1769
610 1797
610 1846
610 1926
611 695
611 761
611 804
611 1046
611 1157
611 1199
611 1611
611 1814
612 616
612 747
612 784
612 940
612 997
612 1013
612 1346
612 1388
612 1516
612 1581
612 1674
612 1696
612 1708
612 1780
612 1850
613 632
613 680
613 771
613 796
613 961
613 976
613 1508
613 1523
613 1549
613 1663
613 1899
614 857
614 1086
614 1208
614 1524
614 1841
614 1842
614 1849
615 670
615 710
615 773
615 802
615 847
615 852
615 913
615 922
615 962
615 996
615 1002
615 1003
615 1105
615 1160
615 1216
615 1223
615 1310
615 1414
615 1495
615 1534
615 1539
615 1725
615 1776
615 1828
615 1871
616 623
616 660
616 682
616 684
616 772
616 784
616 877
616 1082
616 1194
616 1367
617 760
617 771
617 918
617 938
617 1445
617 1596
617 1741
617 1802
617 1817
617 1935
618 629
618 727
618 1312
618 1502
618 1695
618 1852
618 1853
619 634
619 776
619 1161
619 1517
620 897
620 1287
620 1502
620 1592
620 1754
621 849
621 934
621 1002
621 1675
621 1894
621 1900
622 797
622 807
622 1065
622 1088
622 1313
622 1374
622 1426
622 1437
622 1745
623 937
623 938
623 1255
623 1258
623 1294
623 1590
623 1674
623 1715
623 1817
623 1907
624 908
624 950
624 1683
624 1851
624 1930
625 824
625 967
625 1109
625 1141
625 1370
625 1397
625 1443
626 644
626 910
626 951
626 1017
626 1048
626 1217
626 1567
626 1762
626 1774
627 641
627 719
627 831
627 1027
627 1120
627 1262
627 1279
627 1333
627 1678
627 1739
628 641
628 666
628 954
628 975
628 1004
628 1069
628 1333
628 1430
628 1445
628 1552
628 1581
628 1596
629 684
629 784
629 925
629 1292
629 1312
629 1346
629 1393
629 1716
629 1859
629 1870
629 1938
630 631
630 671
630 739
630 911
630 1176
630 1348
630 1497
630 1499
630 1909
630 1927
631 791
631 955
631 959
631 981
631 1034
631 1123
631 1156
631 1176
631 1194
631 1332
631 1391
631 1438
631 1580
631 1595
631 1677
631 1704
631 1715
631 1838
632 649
632 1010
632 1178
632 1185
632 1557
632 1663
632 1670
632 1705
632 1732
632 1836
632 1933
633 648
633 732
633 765
633 868
633 1034
633 1046
633 1125
633 1127
633 1138
633 1448
633 1458
633 1505
633 1574
633 1595
633 1611
633 1625
633 1632
633 1654
633 1706
633 1781
634 635
634 644
634 692
634 729
634 776
634 846
634 951
634 981
634 1044
634 1092
634 1142
634 1183
634 1231
634 1257
634 1261
634 1288
634 1412
634 1466
634 1490
634 1574
634 1608
634 1626
634 1669
634 1855
635 644
635 692
635 754
635 871
635 920
635 1575
636 742
636 801
636 804
636 1006
636 1295
636 1331
636 1410
636 1421
636 1532
636 1562
636 1721
636 1746
637 886
637 894
637 940
637 1036
637 1132
637 1362
637 1394
637 1500
637 1696
637 1715
637 1752
638 931
638 1139
638 1185
638 1339
638 1539
638 1666
638 1749
638 1822
639 660
639 877
639 933
639 985
639 1252
639 1425
639 1460
639 1677
639 1709
639 1743
639 1927
639 1934
640 731
640 980
640 1015
640 1336
640 1342
640 1531
640 1564
640 1574
640 1685
640 1707
640 1711
641 888
641 954
641 1009
641 1027
641 1306
641 1322
641 1464
641 1494
641 1550
641 1552
641 1582
641 1770
641 1840
641 1918
642 649
642 906
642 1014
642 1185
642 1444
642 1615
642 1652
643 833
643 1036
643 1195
643 1628
643 1636
643 1912
644 950
644 954
644 977
644 1217
644 1608
644 1620
644 1765
644 1794
644 1804
644 1827
645 940
645 947
645 1054
645 1087
645 1592
645 1754
646 655
646 684
646 913
646 941
646 969
646 1002
646 1065
646 1073
646 1221
646 1518
646 1745
646 1783
646 1786
647 732
647 1128
647 1201
647 1218
647 1237
647 1448
647 1665
648 868
648 1046
648 1108
648 1112
648 1213
648 1265
648 1378
648 1750
648 1795
649 689
649 697
649 855
649 856
649 1085
649 1185
649 1189
649 1215
649 1380
649 1523
649 1558
650 673
650 993
650 995
650 1092
650 1466
650 1544
651 768
651 813
651 828
651 881
651 982
651 1008
651 1155
651 1359
651 1404
651 1449
651 1478
651 1630
651 1892
652 717
652 753
652 827
652 980
652 1215
652 1372
652 1434
652 1460
652 1507
652 1772
652 1893
653 875
653 1292
653 1308
653 1361
653 1437
653 1451
654 1002
654 1003
654 1236
654 1444
655 771
655 796
655 816
655 913
655 925
655 1011
655 1102
655 1496
655 1539
655 1541
655 1552
655 1596
655 1601
655 1676
655 1769
655 1770
655 1784
655 1909
656 1062
656 1095
656 1168
656 1210
656 1228
656 1353
656 1455
657 1161
657 1214
657 1289
657 1577
657 1834
657 1922
658 788
658 864
658 868
658 992
658 1058
658 1153
658 1186
658 1234
658 1267
658 1470
658 1526
658 1583
658 1632
658 1670
658 1779
658 1897
658 1917
658 1933
659 893
659 1058
659 1248
659 1249
659 1583
659 1798
660 664
660 695
660 940
660 978
660 985
660 1092
660 1199
660 1661
660 1680
661 895
661 1026
661 1494
661 1739
661 1770
661 1782
661 1791
661 1843
662 743
662 999
662 1027
662 1116
662 1369
662 1504
662 1759
663 969
663 1073
663 1258
663 1301
663 1385
663 1449
663 1868
663 1892
664 734
664 784
664 820
664 875
664 876
664 897
664 919
664 940
664 944
664 956
664 980
664 1274
664 1292
664 1330
664 1337
664 1362
664 1364
664 1442
664 1443
664 1454
664 1515
664 1693
664 1707
664 1754
665 895
665 970
665 1175
665 1272
665 1387
665 1729
665 1788
665 1812
666 973
666 975
666 997
666 1215
666 1441
666 1464
666 1596
666 1599
666 1741
666 1927
667 1094
667 1100
667 1613
667 1834
668 743
668 774
668 790
668 943
668 994
668 1148
668 1254
668 1397
668 1865
669 772
669 874
669 961
669 1399
669 1500
669 1522
669 1603
669 1782
670 1078
670 1089
670 1115
670 1139
670 1613
670 1871
671 987
671 1013
671 1348
671 1600
671 1780
671 1838
672 763
672 983
672 1496
672 1517
672 1577
672 1651
672 1676
672 1886
673 701
673 1629
674 757
674 811
674 1328
674 1337
674 1359
674 1729
674 1736
674 1754
674 1916
675 746
675 808
675 861
675 898
675 980
675 1010
675 1247
675 1348
675 1557
675 1850
675 1889
676 854
676 1089
676 1340
676 1357
676 1403
676 1665
676 1814
677 695
677 799
677 940
677 1128
677 1132
677 1201
677 1281
677 1352
677 1364
677 1381
677 1433
677 1581
677 1829
677 1835
677 1872
678 914
678 1010
678 1104
678 1156
678 1222
678 1438
678 1499
678 1801
679 1004
679 1354
679 1377
679 1426
679 1596
679 1761
679 1802
679 1810
680 771
680 912
680 1063
680 1174
680 1223
680 1478
680 1671
680 1676
680 1723
680 1725
680 1897
680 1933
681 719
681 910
681 977
681 1097
681 1157
681 1401
681 1464
681 1467
681 1573
681 1647
681 1757
681 1794
682 708
682 841
682 1055
682 1063
682 1422
682 1608
682 1696
682 1700
682 1723
683 690
683 742
683 1029
683 1076
683 1505
683 1805
684 727
684 766
684 857
684 912
684 938
684 1020
684 1063
684 1065
684 1082
684 1215
684 1285
684 1346
684 1426
684 1507
684 1523
684 1549
684 1593
684 1596
684 1716
684 1731
684 1759
684 1786
684 1841
685 949
685 1002
685 1453
685 1569
685 1828
685 1859
685 1880
686 713
686 773
686 1114
686 1495
687 831
687 954
687 1500
687 1582
687 1640
687 1739
688 736
688 1353
688 1383
689 696
689 770
689 845
689 1010
689 1019
689 1189
689 1447
689 1699
689 1787
689 1893
690 801
690 1001
690 1022
690 1083
690 1091
690 1479
690 1742
690 1861
691 736
691 800
691 846
691 867
691 1091
691 1459
691 1467
691 1468
691 1573
691 1640
691 1668
691 1861
692 761
692 1093
692 1462
692 1669
693 1254
693 1341
693 1360
693 1436
693 1443
694 771
694 823
694 862
694 926
694 1292
694 1454
694 1543
694 1769
694 1811
695 916
695 1199
695 1250
695 1364
695 1402
695 1814
695 1823
695 1834
695 1851
695 1858
695 1869
695 1896
695 1910
696 946
696 987
696 1010
696 1126
696 1389
696 1476
696 1516
697 715
697 1085
697 1372
697 1380
697 1555
697 1649
697 1893
698 945
698 985
698 1421
698 1528
698 1565
699 705
699 739
699 838
699 1028
699 1057
699 1120
699 1232
699 1667
699 1851
699 1930
700 712
700 930
700 1179
700 1625
700 1654
700 1665
701 713
701 1095
701 1251
701 1629
702 894
702 998
702 1063
702 1067
702 1250
702 1323
702 1335
703 947
703 964
703 1053
703 1068
703 1087
704 780
704 895
704 1240
704 1445
704 1540
704 1874
704 1881
705 765
705 805
705 1034
705 1246
705 1250
705 1323
705 1550
705 1683
705 1851
706 936
706 955
706 959
706 1122
707 829
707 838
707 1118
707 1181
707 1232
707 1519
707 1653
707 1826
708 720
708 841
708 955
708 1194
708 1311
708 1849
708 1930
709 848
709 1045
709 1079
709 1175
709 1182
709 1241
709 1270
709 1295
709 1317
709 1451
709 1453
709 1746
709 1784
709 1859
709 1870
709 1902
710 794
710 1062
710 1079
710 1210
710 1219
710 1254
710 1295
710 1414
710 1864
711 834
711 847
711 979
711 1062
711 1071
711 1260
711 1283
711 1420
711 1554
712 1278
712 1607
712 1613
712 1665
712 1679
713 773
713 1191
713 1253
713 1347
713 1834
714 730
714 752
714 773
714 794
714 1009
714 1025
714 1273
714 1568
714 1917
714 1918
714 1931
715 1081
715 1109
715 1185
715 1318
715 1339
715 1498
715 1543
715 1717
715 1811
715 1825
716 864
716 974
716 1109
716 1186
716 1413
716 1484
717 819
717 942
717 1332
717 1392
717 1570
717 1580
717 1800
717 1893
718 808
718 827
718 1336
718 1392
718 1586
718 1656
718 1673
718 1820
719 726
719 772
719 877
719 880
719 997
719 1023
719 1075
719 1145
719 1224
719 1262
719 1464
719 1483
719 1586
719 1655
719 1678
719 1743
719 1764
719 1921
720 1064
720 1930
721 773
721 802
721 1016
721 1121
721 1231
721 1264
721 1379
721 1400
721 1734
721 1855
722 908
722 1091
722 1158
722 1535
722 1683
722 1875
722 1925
723 818
723 907
723 1255
723 1261
723 1481
723 1608
723 1680
723 1804
723 1862
724 763
724 915
724 1311
724 1548
724 1577
724 1667
724 1719
724 1922
724 1930
725 952
725 1070
725 1152
725 1227
725 1492
725 1506
725 1512
725 1834
726 859
726 940
726 994
726 1023
726 1170
726 1221
726 1388
726 1397
726 1433
726 1443
726 1483
726 1593
726 1617
726 1643
726 1786
727 817
727 843
727 856
727 881
727 904
727 1040
727 1198
727 1215
727 1233
727 1236
727 1238
727 1324
727 1404
727 1433
727 1461
727 1593
727 1599
727 1695
727 1703
727 1783
727 1821
728 844
728 1026
728 1366
729 736
729 742
729 846
729 860
729 872
729 979
729 981
729 1032
729 1069
729 1150
729 1382
729 1532
729 1677
729 1705
730 742
730 1140
730 1338
730 1382
730 1726
730 1793
730 1819
730 1925
731 748
731 776
731 1244
731 1548
731 1556
731 1574
731 1727
732 801
732 809
732 867
732 1006
732 1218
732 1654
732 1706
733 744
733 761
733 909
733 1032
733 1058
733 1070
733 1322
733 1464
733 1573
733 1611
733 1810
734 903
734 944
734 1041
734 1045
734 1199
734 1295
734 1364
734 1440
734 1824
735 1146
735 1147
735 1205
735 1311
735 1371
735 1610
736 914
736 1032
736 1377
736 1792
737 1316
737 1373
737 1383
737 1621
737 1915
737 1922
738 812
738 913
738 1028
738 1542
738 1601
738 1659
738 1702
738 1714
738 1828
739 757
739 832
739 1162
739 1352
739 1387
739 1909
740 1023
740 1337
740 1481
740 1743
740 1752
740 1848
740 1926
741 829
741 831
741 866
741 896
741 948
741 979
741 1149
741 1333
741 1366
741 1530
741 1554
741 1788
741 1791
741 1812
741 1843
741 1854
741 1863
742 791
742 818
742 869
742 914
742 1076
742 1083
742 1261
742 1300
742 1304
742 1350
742 1421
742 1526
742 1562
742 1677
742 1917
743 744
743 753
743 933
743 991
743 994
743 1003
743 1116
743 1148
743 1150
743 1185
743 1202
743 1215
743 1266
743 1305
743 1310
743 1324
743 1444
743 1483
743 1498
743 1611
743 1632
743 1759
743 1779
743 1921
744 804
744 945
744 1253
744 1305
744 1562
744 1571
744 1611
744 1637
745 772
745 874
745 923
745 1167
745 1262
745 1277
745 1327
745 1457
746 832
746 1162
746 1531
746 1537
747 942
747 1013
747 1051
747 1102
747 1686
747 1704
747 1757
747 1813
747 1838
748 959
748 1377
748 1391
748 1556
748 1564
748 1762
749 846
749 1025
749 1150
749 1213
749 1249
749 1509
749 1855
750 1011
750 1034
750 1132
750 1323
750 1359
750 1387
750 1390
750 1448
750 1785
751 818
751 865
751 1083
751 1196
751 1479
751 1515
751 1528
751 1847
751 1885
752 923
752 1025
752 1251
752 1273
752 1475
753 933
753 942
753 1401
753 1460
753 1611
753 1735
753 1746
753 1757
754 909
754 920
754 954
754 1004
754 1320
754 1322
754 1462
754 1488
754 1585
754 1598
754 1626
754 1719
755 1051
755 1268
755 1294
755 1367
755 1639
755 1813
756 951
756 993
756 995
756 1173
756 1467
756 1500
756 1533
756 1794
757 1293
757 1352
757 1354
757 1359
757 1536
757 1835
757 1892
758 857
758 876
758 940
758 973
758 1036
758 1123
758 1334
758 1516
758 1521
758 1593
758 1628
758 1927
759 1227
759 1277
759 1345
759 1489
759 1492
759 1633
760 771
760 961
760 1027
760 1130
760 1439
760 1483
760 1603
760 1678
760 1759
760 1770
760 1841
761 804
761 830
761 871
761 1032
761 1090
761 1472
761 1532
761 1629
761 1834
761 1855
762 843
762 932
762 1054
762 1092
762 1129
762 1404
762 1534
762 1626
762 1631
762 1725
762 1881
763 911
763 1028
763 1169
763 1174
763 1244
763 1311
763 1659
763 1676
763 1849
763 1909
764 774
764 943
764 1092
764 1100
764 1131
764 1255
764 1501
764 1630
764 1723
764 1818
764 1937
765 1138
765 1250
765 1343
765 1667
765 1683
766 844
766 845
766 965
766 1363
766 1447
766 1590
766 1659
766 1674
766 1731
767 952
767 999
767 1038
767 1233
767 1374
767 1687
767 1773
767 1790
767 1800
767 1873
768 780
768 812
768 828
768 1103
768 1293
768 1296
768 1359
768 1390
768 1622
768 1740
769 832
769 1279
769 1594
769 1726
769 1793
769 1930
770 997
770 1890
771 849
771 925
771 969
771 999
771 1039
771 1118
771 1155
771 1185
771 1223
771 1354
771 1523
771 1539
771 1759
771 1811
771 1892
771 1919
772 993
772 1021
772 1209
772 1549
772 1854
773 794
773 870
773 1090
773 1204
773 1251
773 1264
773 1289
773 1310
773 1316
773 1379
773 1568
773 1712
773 1819
773 1834
773 1910
774 814
774 873
774 887
774 937
774 1079
774 1178
774 1254
774 1270
774 1438
774 1694
774 1741
774 1818
775 814
775 1080
775 1129
775 1148
775 1397
775 1441
775 1483
775 1641
775 1722
775 1749
776 1166
776 1311
777 839
777 1375
777 1643
777 1664
777 1907
778 910
778 954
778 1320
778 1450
779 957
779 1168
779 1191
779 1322
779 1400
779 1455
779 1462
779 1506
779 1602
779 1668
779 1807
779 1918
780 878
780 960
780 968
780 1026
780 1238
780 1359
780 1398
781 922
781 1003
781 1039
781 1185
781 1806
781 1894
782 803
782 1092
782 1161
782 1329
782 1857
783 833
783 866
783 1021
783 1092
783 1172
783 1195
783 1412
783 1836
784 845
784 980
784 1274
784 1393
784 1700
784 1800
784 1850
784 1907
785 951
785 1010
785 1135
785 1430
785 1460
785 1574
785 1595
785 1705
785 1757
785 1794
785 1838
785 1891
786 869
786 996
786 1002
786 1033
786 1304
786 1513
786 1624
786 1744
787 802
787 847
787 1028
787 1127
787 1138
787 1383
787 1645
787 1667
788 840
788 889
788 1234
788 1437
788 1830
789 934
789 1042
789 1221
789 1294
789 1518
789 1648
789 1686
789 1763
789 1868
790 943
790 1267
790 1269
790 1818
790 1885
791 928
791 945
791 981
791 1100
791 1163
791 1255
791 1261
791 1463
791 1499
791 1588
791 1650
792 804
792 1199
792 1295
792 1317
792 1329
792 1629
792 1753
792 1896
793 861
793 886
793 940
793 1176
793 1392
793 1476
793 1524
793 1536
793 1580
793 1638
793 1643
793 1673
794 883
794 1124
794 1504
795 1460
795 1529
795 1564
795 1618
795 1636
795 1638
795 1673
795 1792
795 1799
796 910
796 979
796 1567
796 1598
796 1619
796 1647
796 1676
796 1705
797 814
797 990
797 1038
797 1185
797 1374
797 1641
797 1672
797 1741
798 930
798 1241
798 1625
798 1721
798 1839
798 1873
798 1902
798 1924
799 1302
799 1361
799 1388
799 1433
799 1451
799 1581
799 1772
799 1808
799 1858
800 1217
800 1286
800 1529
800 1711
800 1792
800 1801
801 804
801 809
801 908
801 914
801 1022
801 1091
801 1093
801 1108
801 1201
801 1275
801 1317
801 1470
801 1637
801 1646
801 1701
801 1746
801 1747
801 1795
801 1839
802 807
802 852
802 913
802 1041
802 1094
802 1095
802 1142
802 1190
802 1572
802 1607
802 1613
802 1645
802 1745
802 1748
802 1766
802 1824
802 1855
802 1933
803 879
803 978
803 1305
803 1441
804 1093
804 1587
804 1896
805 915
805 1030
805 1309
805 1343
805 1529
805 1550
805 1877
805 1925
806 910
806 1135
806 1195
806 1291
806 1585
806 1794
806 1914
807 922
807 1080
807 1299
807 1400
807 1437
807 1464
807 1602
807 1641
807 1647
807 1748
808 1156
808 1222
808 1576
808 1586
808 1639
808 1660
808 1715
808 1889
809 860
809 1108
809 1124
809 1632
809 1666
809 1864
809 1898
809 1905
810 836
810 944
810 1171
810 1250
810 1295
810 1788
810 1858
810 1862
810 1920
811 876
811 884
811 1056
811 1103
811 1238
811 1754
812 819
812 885
812 919
812 980
812 984
812 1111
812 1145
812 1164
812 1255
812 1348
812 1375
812 1425
812 1520
812 1622
812 1630
812 1650
812 1714
812 1740
812 1820
812 1893
812 1907
813 976
813 1008
813 1207
813 1240
813 1597
813 1634
813 1689
814 826
814 859
814 887
814 1141
814 1178
814 1433
814 1437
814 1461
814 1641
814 1670
814 1672
814 1808
814 1829
815 1304
815 1360
815 1396
815 1878
815 1934
816 952
816 1039
816 1139
816 1299
816 1429
816 1502
816 1599
816 1689
816 1783
817 870
817 1040
817 1233
817 1426
817 1687
817 1741
817 1806
818 978
818 1111
818 1211
818 1255
818 1258
818 1270
818 1735
818 1818
818 1847
818 1885
819 980
819 1043
819 1118
819 1164
819 1276
819 1293
819 1336
819 1392
819 1454
819 1536
819 1635
819 1682
820 845
820 854
820 868
820 965
820 978
820 1034
820 1060
820 1111
820 1378
820 1591
820 1646
820 1658
820 1707
820 1787
820 1851
820 1923
821 1034
821 1101
821 1194
821 1362
821 1467
821 1536
821 1707
821 1711
821 1738
822 1088
822 1181
822 1346
822 1363
822 1374
822 1643
822 1647
822 1702
822 1770
822 1773
822 1786
822 1870
823 828
823 905
823 919
823 1155
823 1292
823 1452
823 1622
824 967
824 984
824 1042
824 1223
824 1630
824 1868
824 1871
825 1083
825 1114
825 1200
826 887
826 1038
826 1110
826 1148
826 1186
826 1444
826 1583
826 1790
827 855
827 876
827 884
827 980
827 1222
827 1303
827 1392
827 1524
827 1563
827 1628
827 1636
827 1735
827 1842
828 919
828 926
828 1754
828 1775
829 1363
829 1817
829 1854
829 1867
830 950
830 1322
830 1620
830 1629
830 1734
830 1840
831 1309
831 1358
831 1475
831 1535
831 1550
831 1739
831 1875
831 1908
832 1180
832 1537
832 1801
832 1928
832 1930
833 866
833 973
833 1036
833 1415
833 1500
833 1522
834 866
834 1071
834 1163
834 1356
834 1458
834 1511
834 1554
834 1661
835 1151
835 1270
835 1390
835 1487
835 1713
835 1717
835 1758
835 1784
835 1785
835 1789
836 1109
836 1190
836 1737
836 1825
836 1862
836 1869
836 1896
837 916
837 1064
837 1134
837 1199
837 1538
837 1629
837 1768
838 1149
838 1536
838 1877
838 1930
839 882
839 919
839 1337
839 1375
839 1887
840 870
840 1058
840 1077
840 1106
840 1437
841 1053
841 1660
841 1755
842 1033
842 1062
842 1188
842 1304
842 1756
842 1904
843 966
843 1069
843 1129
843 1152
843 1324
843 1395
843 1445
843 1549
843 1597
843 1599
844 953
844 1030
844 1063
844 1102
844 1167
844 1230
844 1268
844 1323
844 1657
844 1813
844 1826
845 872
845 1102
845 1111
845 1215
845 1800
845 1921
846 1025
846 1133
846 1183
846 1213
846 1228
846 1386
846 1421
846 1475
846 1532
846 1565
846 1573
846 1918
847 949
847 1028
847 1062
847 1089
847 1105
847 1157
847 1169
847 1316
847 1647
847 1692
847 1814
847 1828
848 1031
848 1201
848 1237
848 1270
848 1281
848 1429
848 1493
848 1721
848 1746
848 1853
848 1911
849 880
849 1065
849 1141
849 1241
849 1437
849 1541
849 1759
849 1779
849 1830
849 1845
849 1866
849 1870
849 1897
850 1037
850 1091
850 1504
850 1839
850 1906
850 1915
851 906
851 1221
851 1360
851 1443
851 1615
851 1900
851 1934
852 1160
852 1264
852 1472
852 1681
853 991
853 994
853 1259
853 1350
853 1431
853 1527
853 1675
853 1900
854 930
854 1364
854 1621
854 1807
855 866
855 876
855 956
855 973
855 990
855 1215
855 1238
855 1284
855 1416
855 1483
855 1524
855 1641
855 1643
855 1647
855 1799
855 1836
855 1841
855 1895
855 1932
856 1039
856 1238
856 1523
857 903
857 1020
857 1194
857 1434
857 1507
857 1849
858 1051
858 1207
858 1240
858 1333
858 1389
858 1430
858 1657
858 1838
859 904
859 922
859 1223
859 1433
859 1751
859 1866
860 873
860 1121
860 1669
861 1564
862 999
862 1043
862 1287
862 1364
862 1454
862 1543
862 1825
862 1835
862 1869
863 983
863 1076
863 1472
863 1771
864 1072
864 1109
864 1528
865 956
865 1079
865 1091
865 1182
865 1315
865 1457
865 1470
865 1504
865 1515
865 1535
865 1632
865 1633
865 1742
865 1760
865 1921
866 936
866 956
866 959
866 979
866 997
866 1069
866 1163
866 1328
866 1337
866 1356
866 1366
866 1377
866 1547
866 1636
866 1694
866 1802
866 1817
867 1091
867 1166
867 1307
867 1905
868 872
868 1127
868 1526
869 949
869 1002
869 1105
869 1300
869 1331
869 1469
870 922
870 1058
870 1070
870 1191
870 1234
870 1400
870 1433
870 1483
870 1568
870 1655
870 1806
870 1932
871 977
871 1489
871 1533
871 1572
871 1573
871 1575
871 1719
871 1855
872 1150
872 1213
872 1215
872 1233
872 1284
872 1526
872 1574
872 1731
873 962
873 1077
873 1100
873 1148
873 1186
873 1568
873 1709
873 1917
874 1097
874 1167
874 1467
874 1609
874 1640
874 1782
874 1908
875 985
875 1060
875 1226
875 1361
875 1470
875 1515
875 1528
875 1704
875 1772
876 903
876 1056
876 1085
876 1280
876 1337
876 1384
876 1474
876 1580
876 1684
876 1767
876 1787
876 1820
876 1848
876 1887
877 880
877 1013
877 1065
877 1088
877 1367
877 1425
877 1460
877 1891
878 960
878 1000
878 1233
878 1238
878 1284
878 1296
878 1299
878 1374
878 1663
879 1006
879 1076
879 1304
879 1505
879 1654
879 1679
879 1798
879 1876
879 1878
880 1118
880 1443
880 1470
880 1707
880 1764
880 1800
880 1900
881 938
881 982
881 1040
881 1198
882 1337
882 1454
882 1817
882 1903
883 1006
883 1062
883 1316
883 1480
883 1734
883 1915
884 1238
884 1729
884 1842
885 911
885 946
885 987
885 1255
885 1334
885 1348
885 1417
885 1481
885 1588
885 1659
885 1674
885 1682
885 1735
885 1856
885 1926
885 1937
886 959
886 1521
886 1536
886 1715
886 1738
886 1817
886 1883
887 906
887 917
887 1143
887 1185
887 1223
887 1266
887 1350
887 1583
887 1722
887 1766
887 1798
887 1818
887 1878
887 1882
887 1933
887 1934
888 975
888 1228
888 1262
888 1277
888 1400
888 1455
888 1464
888 1566
889 966
889 1003
889 1077
889 1079
889 1152
889 1241
889 1405
889 1632
889 1781
890 939
890 1145
890 1170
890 1375
890 1394
890 1481
890 1514
890 1713
891 1114
891 1421
891 1472
891 1690
891 1901
891 1905
891 1917
892 1025
892 1046
892 1315
892 1479
892 1565
892 1632
893 913
893 1052
893 1159
893 1177
893 1219
893 1407
893 1414
893 1541
894 998
894 1104
894 1132
894 1438
895 1328
895 1404
895 1782
895 1908
896 1163
896 1283
896 1554
896 1863
896 1875
896 1925
897 898
897 1019
897 1224
897 1384
897 1442
897 1543
897 1648
897 1658
897 1763
897 1797
898 980
898 1570
898 1586
898 1594
899 1074
899 1295
899 1403
899 1414
899 1451
899 1814
899 1828
899 1858
900 1095
900 1131
900 1257
900 1488
900 1631
900 1669
900 1676
901 1046
901 1083
901 1265
901 1307
901 1355
901 1654
901 1815
902 945
902 1108
902 1125
902 1127
902 1157
902 1307
902 1441
902 1463
902 1464
902 1697
902 1701
902 1722
902 1743
902 1771
902 1876
902 1888
903 1280
903 1647
903 1716
903 1767
903 1828
904 1461
904 1593
904 1899
905 1154
905 1155
905 1487
905 1811
906 969
906 1185
906 1202
906 1591
906 1672
906 1900
907 965
907 1317
907 1646
907 1676
907 1784
907 1862
908 916
908 950
908 1124
908 1317
908 1402
908 1804
908 1862
908 1902
908 1925
909 920
909 951
909 1032
909 1173
909 1525
909 1669
909 1705
909 1732
909 1923
910 951
910 987
910 1050
910 1102
910 1119
910 1415
910 1481
910 1585
910 1598
910 1608
910 1612
910 1696
910 1838
911 987
911 1036
911 1122
911 1501
911 1937
912 938
912 952
912 962
912 1002
912 1040
912 1152
912 1186
912 1405
912 1426
912 1597
912 1689
912 1802
912 1897
912 1899
913 971
913 988
913 1028
913 1041
913 1131
913 1181
913 1219
913 1223
913 1232
913 1379
913 1407
913 1549
913 1630
913 1676
913 1798
913 1833
914 956
914 983
914 1091
914 1144
914 1161
914 1163
914 1353
914 1423
914 1469
914 1477
914 1529
914 1637
914 1799
914 1925
915 916
915 1659
915 1660
915 1719
915 1851
916 1020
916 1373
916 1381
916 1637
916 1819
916 1834
916 1922
916 1925
917 1151
917 1216
917 1709
917 1730
917 1865
917 1871
917 1882
917 1934
918 1136
918 1325
918 1523
918 1796
918 1841
919 1035
919 1226
919 1454
919 1487
919 1630
919 1797
919 1887
919 1907
919 1926
920 1142
920 1456
920 1572
921 1108
921 1275
921 1340
921 1357
921 1365
921 1437
921 1513
921 1936
922 962
922 1003
922 1439
922 1483
922 1830
923 979
923 986
923 1172
923 1219
923 1251
923 1277
923 1435
923 1568
923 1676
923 1864
924 993
924 1205
924 1286
924 1479
924 1517
924 1529
924 1533
924 1847
925 971
925 998
925 1063
925 1175
925 1193
925 1271
925 1272
925 1279
925 1294
925 1447
925 1502
925 1518
925 1590
925 1678
925 1700
925 1813
925 1870
925 1935
925 1938
926 1293
926 1454
926 1553
926 1754
926 1892
927 929
927 1116
927 1228
927 1504
928 993
928 1163
928 1173
929 1228
929 1251
929 1264
929 1297
929 1456
929 1472
929 1572
930 1177
930 1646
930 1721
930 1839
931 1096
931 1437
931 1779
932 947
932 1020
932 1082
932 1171
932 1334
932 1920
933 1498
933 1543
933 1848
934 1198
934 1259
934 1385
934 1486
934 1502
934 1518
934 1652
934 1783
934 1900
935 955
935 1276
935 1494
935 1780
935 1794
935 1838
936 1055
936 1209
936 1257
936 1291
936 1547
936 1585
936 1626
936 1723
937 1141
937 1324
937 1593
937 1713
937 1759
937 1934
938 969
938 1298
939 940
939 1119
939 1224
939 1454
939 1648
939 1682
939 1835
939 1846
939 1926
940 1036
940 1075
940 1087
940 1119
940 1170
940 1176
940 1263
940 1388
940 1661
940 1704
940 1752
940 1926
940 1927
941 1041
941 1188
941 1262
941 1279
941 1453
941 1731
941 1745
941 1904
942 994
942 1187
942 1332
942 1388
942 1704
943 1059
943 1145
943 1310
943 1397
943 1630
943 1722
943 1743
943 1833
943 1934
944 1263
944 1693
944 1767
944 1851
944 1869
945 994
945 1081
945 1145
945 1170
945 1401
945 1406
945 1464
945 1528
945 1650
945 1704
945 1722
945 1847
946 1270
946 1476
946 1551
946 1570
946 1638
946 1735
946 1741
946 1893
947 1054
947 1247
948 1054
948 1299
948 1445
948 1694
948 1854
949 1002
949 1376
949 1642
949 1677
949 1904
950 1231
950 1719
950 1734
951 1015
951 1075
951 1320
951 1533
951 1560
951 1573
951 1574
951 1844
952 1069
952 1150
952 1186
952 1233
952 1299
952 1324
952 1492
952 1568
952 1748
952 1790
953 1053
953 1162
953 1336
953 1635
953 1685
954 1017
954 1055
954 1068
954 1117
954 1171
954 1180
954 1263
954 1320
954 1537
954 1582
954 1626
954 1691
954 1724
954 1765
954 1881
955 1122
955 1146
955 1174
955 1176
955 1311
955 1412
955 1501
955 1536
955 1667
955 1723
955 1752
956 980
956 1010
956 1041
956 1063
956 1092
956 1102
956 1118
956 1215
956 1310
956 1350
956 1404
956 1470
956 1539
956 1574
956 1630
956 1923
956 1933
957 1496
957 1529
957 1552
957 1577
957 1793
957 1807
958 1251
958 1289
958 1338
958 1353
958 1756
959 1086
959 1123
959 1163
959 1521
959 1524
959 1636
959 1733
959 1863
960 1243
960 1352
960 1537
960 1581
960 1812
961 1549
961 1619
961 1631
961 1720
961 1782
961 1836
961 1841
961 1874
962 1405
962 1549
962 1568
962 1802
963 1024
963 1178
963 1292
963 1319
963 1754
963 1758
964 1068
964 1180
964 1849
964 1928
965 1057
965 1323
965 1659
965 1676
965 1680
965 1693
965 1769
965 1851
965 1926
966 1234
966 1324
966 1448
966 1478
966 1568
966 1632
967 974
967 1474
968 1018
968 1198
968 1238
968 1643
968 1892
969 1002
969 1223
969 1258
969 1518
969 1868
970 1024
970 1175
970 1222
970 1255
970 1270
970 1294
970 1356
970 1499
970 1911
971 1042
971 1063
971 1067
971 1130
971 1140
971 1181
971 1223
971 1350
971 1385
971 1518
971 1716
972 1138
972 1326
972 1343
972 1353
972 1578
973 987
973 1000
973 1334
973 1628
973 1720
973 1836
974 1109
974 1419
974 1427
974 1474
974 1641
975 1074
975 1227
975 1426
975 1731
976 1268
976 1325
976 1432
977 1041
977 1217
977 1286
977 1620
977 1734
977 1855
978 1438
978 1458
978 1501
978 1505
978 1669
978 1697
978 1818
979 1041
979 1069
979 1172
979 1257
979 1283
979 1363
979 1382
979 1475
979 1549
979 1619
979 1647
979 1731
979 1733
979 1761
980 1053
980 1182
980 1336
980 1373
980 1401
980 1636
980 1650
980 1772
980 1859
981 1156
981 1173
981 1284
981 1412
981 1463
981 1464
981 1619
981 1668
981 1705
981 1794
981 1836
981 1914
982 1234
982 1433
982 1439
982 1485
982 1634
982 1730
982 1830
983 1076
983 1326
983 1355
983 1423
983 1577
983 1654
983 1923
984 1164
984 1370
984 1419
984 1514
984 1643
985 1034
985 1133
985 1304
985 1505
985 1565
985 1704
986 1124
986 1212
986 1382
986 1435
986 1535
986 1550
986 1719
987 1000
987 1415
987 1774
988 1009
988 1095
988 1129
988 1219
988 1475
988 1549
988 1565
988 1609
988 1617
988 1631
988 1770
988 1786
989 1088
989 1312
989 1349
989 1470
989 1527
989 1746
989 1779
989 1853
989 1870
989 1921
990 997
990 1013
990 1312
990 1376
990 1384
990 1473
990 1551
990 1852
990 1880
990 1938
991 1778
991 1779
991 1798
992 1202
993 995
993 1101
993 1618
994 1047
994 1221
994 1406
994 1527
994 1704
994 1790
994 1800
994 1921
996 1105
996 1204
996 1513
996 1607
996 1776
996 1857
997 1000
997 1123
997 1233
997 1333
997 1510
997 1570
997 1588
997 1593
997 1648
997 1674
997 1731
997 1741
997 1800
997 1899
997 1935
998 1011
998 1012
998 1067
998 1175
998 1292
998 1362
998 1736
998 1884
999 1027
999 1043
999 1073
999 1118
999 1181
999 1185
999 1279
999 1374
999 1385
999 1445
999 1552
999 1652
999 1663
999 1745
999 1805
999 1825
999 1832
1000 1522
1000 1547
1000 1589
1000 1600
1000 1643
1001 1091
1001 1205
1001 1315
1001 1371
1002 1078
1002 1216
1002 1350
1002 1385
1002 1539
1002 1569
1002 1624
1002 1675
1002 1745
1002 1894
1002 1897
1003 1152
1003 1236
1003 1324
1003 1407
1003 1414
1003 1748
1004 1069
1004 1121
1004 1322
1004 1377
1004 1492
1005 1361
1005 1365
1005 1433
1005 1528
1005 1703
1006 1062
1006 1505
1006 1532
1006 1665
1006 1728
1007 1034
1007 1046
1007 1146
1007 1288
1007 1371
1007 1378
1008 1039
1008 1221
1008 1301
1008 1449
1008 1502
1009 1379
1009 1386
1009 1550
1009 1565
1009 1566
1010 1088
1010 1240
1010 1270
1010 1313
1010 1367
1010 1429
1010 1438
1010 1537
1010 1705
1010 1838
1011 1034
1011 1405
1011 1496
1011 1513
1011 1602
1011 1781
1011 1784
1011 1785
1011 1807
1011 1876
1012 1502
1012 1744
1012 1911
1013 1516
1013 1551
1013 1927
1014 1398
1014 1461
1014 1741
1015 1075
1015 1525
1015 1612
1016 1096
1016 1504
1016 1742
1016 1766
1017 1149
1017 1389
1017 1537
1017 1567
1017 1691
1017 1844
1018 1298
1018 1643
1018 1826
1018 1841
1019 1085
1019 1476
1019 1820
1019 1893
1020 1169
1020 1317
1020 1334
1020 1637
1020 1659
1020 1671
1020 1725
1020 1821
1020 1828
1020 1859
1021 1197
1021 1209
1021 1291
1021 1412
1021 1415
1021 1608
1021 1860
1022 1314
1022 1747
1022 1750
1023 1119
1023 1268
1023 1481
1023 1603
1023 1674
1023 1686
1023 1710
1024 1178
1024 1270
1024 1334
1024 1348
1024 1557
1024 1718
1024 1808
1024 1859
1024 1880
1025 1090
1025 1288
1025 1315
1026 1082
1026 1192
1026 1328
1026 1596
1026 1812
1026 1854
1027 1052
1027 1129
1027 1369
1027 1445
1027 1483
1027 1603
1027 1609
1027 1710
1027 1782
1027 1881
1027 1918
1028 1112
1028 1246
1028 1383
1028 1621
1028 1702
1028 1909
1029 1095
1029 1181
1029 1353
1029 1559
1029 1688
1029 1886
1029 1924
1030 1323
1030 1387
1030 1529
1030 1659
1030 1886
1031 1154
1031 1270
1031 1313
1031 1751
1032 1157
1032 1172
1032 1173
1032 1200
1032 1466
1032 1533
1032 1544
1032 1815
1033 1113
1033 1204
1033 1304
1033 1545
1033 1665
1034 1102
1034 1146
1034 1246
1034 1323
1034 1362
1034 1378
1034 1529
1034 1661
1034 1668
1034 1704
1034 1807
1035 1226
1035 1484
1035 1887
1035 1893
1036 1122
1036 1337
1036 1352
1036 1417
1036 1849
1037 1144
1037 1424
1037 1918
1038 1185
1038 1186
1038 1312
1038 1779
1039 1139
1039 1185
1039 1324
1039 1439
1039 1478
1039 1502
1040 1078
1040 1186
1040 1234
1040 1478
1041 1062
1041 1074
1041 1181
1041 1188
1041 1251
1041 1295
1041 1353
1041 1383
1041 1475
1041 1532
1041 1572
1041 1578
1041 1629
1041 1633
1041 1647
1041 1734
1042 1118
1042 1164
1042 1294
1042 1337
1042 1356
1042 1385
1042 1443
1042 1630
1042 1664
1042 1919
1043 1373
1043 1531
1043 1714
1044 1231
1044 1456
1044 1489
1044 1490
1044 1578
1044 1629
1045 1281
1045 1769
1045 1845
1045 1870
1046 1371
1046 1457
1046 1465
1046 1479
1047 1258
1047 1444
1047 1615
1047 1800
1048 1182
1048 1342
1048 1481
1048 1564
1048 1604
1048 1752
1048 1762
1048 1804
1048 1889
1049 1304
1049 1305
1049 1410
1049 1444
1049 1562
1049 1709
1049 1910
1050 1156
1050 1173
1050 1517
1050 1525
1050 1529
1051 1073
1051 1189
1051 1301
1051 1502
1051 1653
1051 1699
1051 1813
1052 1232
1052 1710
1052 1823
1052 1851
1052 1862
1053 1063
1053 1137
1053 1302
1053 1417
1053 1507
1053 1635
1053 1659
1053 1662
1053 1671
1053 1685
1053 1693
1053 1740
1053 1755
1053 1837
1053 1842
1053 1849
1053 1879
1054 1068
1054 1240
1054 1299
1054 1404
1054 1508
1054 1599
1054 1844
1055 1068
1055 1399
1055 1494
1055 1585
1055 1696
1055 1765
1056 1256
1056 1280
1056 1292
1056 1308
1056 1736
1057 1174
1057 1323
1057 1359
1057 1740
1057 1849
1057 1860
1057 1916
1058 1060
1058 1090
1058 1213
1058 1249
1058 1265
1058 1470
1058 1923
1059 1477
1059 1544
1059 1743
1059 1771
1059 1847
1060 1202
1060 1378
1060 1505
1060 1591
1060 1611
1061 1379
1061 1407
1061 1492
1061 1504
1061 1655
1061 1790
1061 1921
1062 1138
1062 1179
1062 1206
1062 1210
1062 1218
1062 1246
1062 1250
1062 1295
1062 1329
1062 1353
1062 1420
1062 1607
1062 1665
1062 1688
1062 1756
1062 1814
1062 1904
1063 1068
1063 1130
1063 1167
1063 1366
1063 1404
1063 1422
1063 1631
1063 1676
1063 1693
1063 1786
1063 1826
1063 1841
1063 1849
1063 1908
1064 1286
1064 1559
1064 1925
1065 1523
1066 1139
1066 1154
1066 1339
1066 1758
1067 1304
1067 1688
1067 1744
1068 1087
1068 1408
1068 1560
1068 1596
1068 1631
1068 1720
1068 1770
1069 1071
1069 1233
1069 1300
1069 1351
1069 1445
1069 1568
1069 1626
1069 1642
1069 1802
1069 1918
1069 1932
1070 1191
1070 1299
1070 1810
1070 1834
1070 1836
1070 1932
1071 1089
1071 1300
1071 1424
1071 1665
1072 1081
1072 1151
1072 1226
1072 1436
1072 1487
1072 1528
1073 1082
1073 1221
1073 1232
1073 1279
1073 1385
1074 1116
1074 1215
1074 1227
1074 1407
1074 1647
1074 1748
1074 1773
1074 1814
1075 1119
1075 1122
1075 1123
1075 1242
1075 1245
1075 1576
1075 1586
1075 1594
1075 1673
1075 1707
1075 1891
1076 1093
1076 1112
1076 1747
1076 1798
1077 1079
1077 1094
1077 1227
1077 1568
1077 1602
1077 1748
1078 1139
1078 1234
1078 1783
1078 1806
1079 1131
1079 1159
1079 1227
1079 1405
1079 1407
1079 1426
1079 1437
1079 1504
1079 1539
1079 1759
1079 1766
1079 1864
1079 1936
1080 1129
1080 1152
1080 1228
1080 1414
1080 1437
1080 1506
1080 1565
1080 1602
1080 1725
1080 1864
1080 1897
1081 1145
1081 1151
1081 1483
1081 1498
1081 1623
1081 1848
1081 1888
1082 1207
1082 1333
1082 1393
1082 1422
1082 1445
1082 1540
1082 1593
1082 1597
1082 1854
1083 1378
1083 1479
1083 1491
1083 1646
1083 1898
1084 1134
1084 1180
1084 1538
1084 1614
1084 1930
1085 1543
1085 1684
1086 1366
1086 1837
1086 1849
1086 1863
1087 1263
1087 1693
1087 1831
1088 1284
1088 1374
1088 1464
1088 1470
1088 1670
1088 1805
1089 1115
1089 1621
1089 1665
1089 1932
1090 1251
1090 1532
1090 1742
1091 1101
1091 1144
1091 1158
1091 1205
1091 1220
1091 1355
1091 1421
1091 1465
1091 1905
1091 1913
1092 1100
1092 1161
1092 1310
1092 1565
1092 1608
1092 1629
1092 1631
1092 1669
1092 1723
1092 1725
1092 1834
1092 1836
1093 1161
1093 1261
1093 1565
1093 1701
1093 1913
1094 1100
1094 1131
1094 1142
1094 1288
1094 1456
1094 1602
1094 1629
1094 1931
1095 1099
1095 1159
1095 1191
1095 1455
1095 1475
1095 1688
1095 1810
1095 1929
1096 1229
1096 1357
1096 1400
1096 1437
1096 1470
1096 1504
1096 1506
1096 1839
1097 1137
1097 1282
1097 1609
1097 1678
1097 1770
1098 1290
1098 1370
1098 1561
1098 1900
1099 1191
1099 1458
1099 1483
1099 1617
1099 1632
1099 1668
1099 1694
1099 1818
1099 1836
1099 1933
1100 1463
1100 1669
1100 1722
1100 1732
1100 1901
1100 1917
1100 1931
1100 1933
1101 1401
1101 1467
1101 1479
1101 1610
1102 1118
1102 1217
1102 1330
1102 1336
1102 1494
1102 1529
1102 1552
1102 1574
1102 1608
1102 1700
1102 1838
1103 1238
1103 1256
1103 1296
1103 1579
1103 1703
1104 1175
1104 1801
1104 1928
1105 1210
1105 1289
1105 1469
1105 1645
1106 1213
1106 1227
1106 1228
1106 1297
1106 1437
1106 1541
1106 1655
1106 1670
1107 1209
1107 1604
1107 1610
1108 1143
1108 1265
1108 1314
1108 1335
1108 1357
1108 1365
1108 1378
1108 1402
1108 1410
1108 1436
1108 1470
1108 1528
1108 1587
1108 1898
1109 1190
1109 1278
1109 1487
1109 1646
1109 1933
1110 1437
1110 1748
1110 1766
1110 1790
1111 1226
1111 1274
1111 1370
1111 1526
1111 1735
1111 1772
1111 1885
1111 1893
1112 1542
1112 1595
1112 1621
1112 1677
1112 1798
1113 1493
1113 1561
1113 1624
1113 1712
1113 1721
1114 1266
1114 1310
1114 1495
1114 1690
1114 1818
1115 1256
1115 1280
1115 1300
1115 1403
1115 1562
1115 1714
1115 1721
1115 1821
1115 1828
1115 1873
1115 1932
1116 1227
1116 1251
1116 1745
1117 1132
1117 1171
1117 1218
1117 1250
1117 1827
1118 1181
1118 1258
1118 1367
1118 1454
1118 1514
1118 1536
1118 1603
1118 1630
1118 1643
1118 1686
1118 1700
1118 1723
1118 1800
1118 1817
1118 1826
1118 1892
1119 1330
1119 1481
1119 1612
1119 1680
1119 1698
1119 1738
1120 1699
1120 1702
1120 1739
1121 1124
1121 1128
1121 1277
1121 1382
1121 1400
1121 1459
1121 1488
1121 1492
1121 1504
1121 1568
1121 1861
1122 1123
1122 1244
1122 1497
1122 1536
1122 1682
1123 1570
1123 1580
1123 1588
1123 1594
1123 1708
1124 1235
1124 1402
1124 1504
1124 1506
1124 1834
1124 1864
1125 1503
1125 1505
1125 1607
1125 1697
1125 1737
1125 1855
1125 1857
1126 1389
1126 1447
1127 1174
1127 1284
1127 1423
1127 1428
1127 1458
1127 1463
1127 1650
1127 1667
1127 1933
1128 1201
1128 1381
1128 1400
1128 1429
1128 1459
1128 1462
1128 1598
1128 1663
1128 1834
1129 1191
1129 1299
1129 1347
1129 1433
1129 1565
1129 1617
1129 1823
1129 1918
1130 1131
1130 1137
1130 1282
1130 1310
1130 1369
1130 1534
1130 1631
1130 1753
1130 1759
1130 1803
1131 1159
1131 1472
1131 1629
1131 1676
1131 1803
1131 1833
1132 1220
1132 1250
1132 1352
1132 1438
1132 1448
1132 1459
1132 1537
1132 1801
1132 1884
1133 1245
1133 1421
1133 1440
1133 1505
1133 1677
1133 1760
1133 1884
1133 1904
1134 1383
1134 1629
1134 1922
1135 1222
1135 1377
1135 1497
1135 1780
1135 1794
1136 1445
1136 1510
1136 1599
1136 1796
1137 1282
1137 1401
1137 1920
1138 1179
1138 1246
1138 1578
1138 1625
1138 1924
1139 1178
1139 1539
1140 1188
1140 1279
1140 1350
1140 1369
1140 1379
1140 1710
1140 1726
1140 1791
1141 1397
1141 1416
1141 1934
1142 1228
1142 1231
1142 1626
1142 1676
1142 1725
1142 1732
1143 1254
1143 1528
1143 1722
1143 1898
1144 1163
1144 1205
1144 1225
1144 1261
1144 1511
1144 1604
1144 1875
1145 1224
1145 1255
1145 1401
1145 1425
1145 1743
1145 1885
1146 1494
1146 1511
1146 1546
1146 1604
1146 1661
1146 1752
1147 1217
1147 1467
1147 1468
1147 1482
1147 1494
1147 1610
1147 1739
1148 1186
1148 1267
1148 1405
1148 1722
1148 1749
1148 1876
1149 1345
1149 1377
1149 1582
1150 1248
1150 1464
1150 1748
1150 1855
1150 1921
1151 1425
1151 1561
1151 1709
1151 1880
1152 1236
1152 1426
1152 1725
1153 1681
1154 1241
1154 1256
1154 1292
1154 1339
1154 1513
1154 1539
1154 1624
1154 1721
1154 1751
1154 1758
1154 1776
1154 1784
1154 1811
1154 1866
1155 1405
1155 1539
1155 1622
1155 1630
1155 1689
1155 1749
1155 1830
1155 1919
1156 1222
1156 1529
1156 1838
1157 1282
1157 1310
1157 1316
1157 1378
1157 1401
1157 1611
1157 1614
1157 1677
1157 1743
1157 1752
1158 1220
1158 1317
1158 1344
1158 1640
1159 1249
1159 1315
1159 1566
1159 1766
1159 1818
1160 1722
1161 1517
1161 1913
1162 1293
1162 1336
1162 1348
1162 1531
1162 1553
1162 1601
1163 1283
1163 1588
1163 1618
1163 1799
1164 1274
1164 1337
1164 1417
1165 1242
1165 1458
1165 1529
1165 1556
1165 1668
1165 1706
1166 1463
1166 1669
1167 1181
1167 1230
1167 1244
1167 1257
1167 1262
1167 1560
1167 1574
1167 1663
1167 1676
1167 1685
1167 1731
1167 1803
1167 1886
1168 1191
1168 1665
1168 1816
1169 1174
1169 1218
1169 1725
1169 1922
1170 1171
1170 1201
1170 1270
1170 1317
1170 1334
1170 1481
1170 1638
1170 1751
1170 1847
1171 1263
1171 1317
1171 1804
1172 1282
1172 1411
1172 1629
1172 1753
1172 1810
1173 1466
1173 1500
1173 1668
1174 1354
1174 1667
1174 1671
1174 1849
1175 1260
1175 1496
1175 1606
1175 1761
1175 1793
1175 1859
1175 1911
1176 1576
1176 1661
1176 1780
1176 1914
1177 1179
1177 1190
1177 1295
1177 1572
1177 1646
1177 1862
1177 1924
1178 1404
1178 1461
1178 1539
1178 1558
1178 1758
1178 1871
1179 1326
1179 1572
1179 1607
1179 1654
1180 1930
1181 1363
1181 1609
1181 1688
1181 1773
1181 1803
1181 1805
1182 1217
1182 1515
1182 1610
1182 1772
1182 1804
1182 1879
1182 1889
1182 1902
1183 1184
1183 1200
1183 1327
1183 1435
1183 1457
1183 1509
1183 1533
1184 1209
1184 1327
1184 1544
1184 1582
1184 1626
1184 1918
1185 1221
1185 1318
1185 1428
1185 1483
1185 1543
1185 1571
1185 1741
1185 1745
1185 1749
1185 1779
1185 1806
1185 1933
1186 1215
1186 1372
1186 1413
1186 1484
1186 1641
1186 1748
1186 1933
1187 1514
1187 1686
1187 1713
1187 1717
1187 1848
1188 1251
1188 1297
1188 1350
1188 1541
1188 1766
1189 1221
1189 1303
1189 1473
1189 1474
1189 1558
1189 1615
1189 1643
1189 1800
1189 1890
1190 1241
1190 1295
1190 1607
1190 1776
1190 1824
1191 1613
1191 1832
1191 1918
1192 1398
1192 1593
1192 1596
1192 1599
1192 1796
1192 1890
1193 1447
1193 1486
1193 1518
1194 1391
1194 1497
1194 1708
1194 1715
1194 1794
1194 1891
1195 1222
1195 1481
1195 1636
1196 1229
1196 1504
1196 1721
1196 1906
1197 1435
1197 1494
1197 1550
1197 1608
1198 1296
1198 1393
1198 1510
1198 1597
1198 1775
1198 1800
1198 1892
1199 1282
1199 1629
1200 1669
1200 1901
1201 1220
1201 1275
1201 1317
1201 1365
1201 1433
1201 1721
1201 1751
1201 1821
1201 1896
1202 1266
1202 1444
1203 1253
1203 1815
1203 1857
1203 1917
1204 1289
1204 1665
1204 1712
1204 1756
1204 1857
1205 1517
1206 1420
1206 1633
1206 1906
1207 1240
1207 1301
1207 1367
1207 1432
1207 1508
1207 1523
1207 1540
1207 1892
1208 1524
1208 1563
1208 1863
1208 1930
1209 1327
1209 1411
1209 1546
1210 1368
1210 1816
1211 1332
1211 1586
1211 1764
1212 1455
1212 1572
1212 1633
1213 1262
1213 1457
1213 1470
1213 1573
1213 1574
1213 1655
1213 1750
1213 1795
1214 1423
1214 1577
1214 1645
1214 1667
1214 1737
1214 1925
1215 1236
1215 1312
1215 1434
1215 1444
1215 1470
1215 1637
1215 1800
1216 1405
1216 1495
1216 1675
1216 1730
1216 1766
1216 1830
1217 1230
1217 1482
1217 1537
1217 1574
1217 1575
1218 1317
1218 1329
1218 1651
1218 1827
1218 1864
1219 1246
1219 1248
1219 1633
1220 1459
1221 1527
1221 1593
1221 1615
1221 1630
1221 1686
1221 1717
1221 1783
1221 1797
1221 1868
1221 1927
1221 1934
1222 1367
1222 1460
1222 1497
1222 1499
1222 1557
1222 1628
1222 1735
1222 1836
1224 1362
1224 1586
1224 1648
1224 1704
1224 1715
1224 1820
1224 1848
1225 1465
1225 1467
1225 1556
1225 1604
1226 1360
1226 1848
1227 1297
1227 1457
1227 1566
1227 1629
1227 1810
1228 1904
1228 1918
1229 1357
1229 1403
1229 1528
1229 1721
1230 1537
1230 1696
1230 1765
1230 1879
1231 1719
1231 1834
1232 1534
1232 1630
1232 1854
1232 1881
1233 1581
1233 1655
1233 1663
1233 1731
1233 1899
1234 1395
1234 1397
1234 1433
1234 1478
1234 1897
1235 1277
1235 1566
1235 1629
1235 1633
1236 1308
1236 1340
1236 1437
1236 1461
1236 1539
1237 1429
1237 1438
1237 1545
1237 1665
1238 1328
1238 1404
1238 1439
1238 1589
1238 1634
1238 1841
1238 1852
1239 1274
1239 1393
1239 1485
1239 1754
1240 1247
1240 1313
1240 1374
1240 1404
1240 1430
1240 1445
1240 1502
1240 1592
1240 1695
1241 1275
1241 1781
1241 1784
1241 1845
1242 1464
1242 1701
1242 1762
1243 1346
1243 1409
1243 1718
1243 1720
1243 1841
1243 1938
1244 1548
1244 1685
1244 1849
1244 1886
1245 1391
1245 1573
1245 1594
1245 1611
1245 1704
1245 1921
1246 1440
1246 1455
1246 1688
1246 1807
1247 1592
1248 1266
1248 1565
1248 1690
1248 1760
1248 1798
1249 1267
1249 1472
1250 1402
1250 1554
1250 1737
1250 1884
1250 1925
1251 1310
1251 1369
1251 1629
1251 1756
1251 1833
1252 1670
1252 1787
1253 1305
1253 1472
1253 1666
1253 1722
1254 1368
1254 1632
1254 1865
1254 1871
1255 1270
1255 1501
1255 1715
1256 1622
1257 1327
1257 1475
1257 1490
1257 1560
1257 1619
1257 1626
1257 1631
1257 1765
1257 1803
1258 1350
1258 1686
1258 1934
1259 1385
1259 1675
1259 1730
1259 1778
1260 1761
1261 1421
1261 1764
1261 1804
1261 1809
1261 1901
1262 1475
1262 1655
1262 1702
1262 1731
1262 1786
1264 1472
1264 1512
1265 1654
1266 1503
1266 1505
1266 1583
1266 1632
1266 1760
1266 1818
1266 1865
1267 1431
1267 1503
1267 1583
1267 1722
1267 1917
1268 1674
1268 1696
1269 1527
1269 1583
1269 1934
1270 1332
1270 1438
1270 1460
1270 1638
1270 1713
1270 1808
1270 1893
1271 1301
1271 1432
1271 1686
1271 1813
1271 1826
1272 1294
1272 1393
1272 1422
1272 1519
1272 1700
1272 1867
1272 1892
1273 1310
1273 1764
1273 1929
1274 1370
1274 1388
1274 1443
1274 1616
1275 1331
1275 1437
1275 1469
1275 1839
1275 1872
1276 1536
1276 1564
1277 1582
1277 1633
1277 1640
1277 1861
1278 1318
1278 1396
1278 1413
1278 1423
1278 1607
1278 1654
1278 1737
1278 1878
1278 1933
1279 1333
1279 1537
1279 1552
1279 1699
1279 1700
1279 1793
1279 1884
1280 1364
1280 1642
1280 1932
1281 1364
1281 1429
1281 1853
1282 1614
1282 1753
1282 1849
1283 1353
1283 1692
1283 1733
1284 1377
1284 1464
1284 1574
1284 1580
1284 1650
1284 1895
1285 1579
1285 1703
1285 1858
1286 1353
1286 1480
1286 1925
1287 1385
1287 1442
1287 1569
1287 1627
1287 1754
1288 1466
1288 1546
1288 1620
1288 1668
1288 1690
1288 1855
1288 1905
1288 1931
1289 1316
1290 1528
1290 1649
1291 1560
1291 1844
1291 1914
1292 1308
1292 1364
1292 1452
1292 1539
1292 1569
1292 1736
1292 1754
1292 1769
1292 1845
1292 1859
1292 1866
1293 1635
1293 1892
1294 1367
1294 1502
1295 1317
1295 1344
1295 1453
1295 1721
1295 1828
1295 1924
1296 1478
1296 1650
1296 1671
1296 1775
1296 1821
1296 1856
1297 1379
1297 1512
1297 1566
1297 1572
1297 1766
1297 1798
1298 1416
1298 1841
1299 1374
1299 1433
1299 1439
1299 1464
1299 1599
1299 1641
1299 1770
1300 1356
1300 1385
1300 1642
1300 1721
1300 1744
1300 1911
1301 1502
1301 1686
1301 1892
1302 1388
1302 1507
1302 1772
1302 1786
1302 1879
1303 1372
1303 1474
1303 1499
1303 1555
1303 1638
1303 1641
1303 1650
1303 1808
1304 1350
1304 1410
1304 1431
1304 1491
1304 1505
1304 1561
1304 1709
1304 1744
1304 1809
1304 1857
1304 1865
1304 1878
1304 1917
1305 1318
1305 1406
1305 1498
1305 1587
1305 1857
1305 1888
1306 1475
1306 1494
1306 1609
1306 1765
1307 1463
1307 1511
1307 1654
1307 1668
1309 1358
1309 1530
1309 1559
1310 1350
1310 1369
1310 1401
1310 1472
1310 1483
1310 1534
1310 1623
1310 1722
1310 1855
1310 1857
1311 1391
1311 1517
1311 1576
1311 1608
1311 1660
1312 1444
1312 1446
1313 1426
1313 1429
1313 1523
1313 1539
1313 1689
1313 1894
1315 1371
1315 1742
1315 1929
1316 1819
1316 1922
1317 1335
1317 1786
1317 1804
1317 1864
1318 1380
1318 1571
1318 1822
1318 1832
1318 1876
1318 1878
1318 1888
1319 1718
1319 1754
1320 1490
1320 1560
1321 1584
1321 1922
1321 1925
1322 1467
1322 1810
1322 1918
1324 1439
1324 1534
1324 1759
1324 1778
1324 1823
1325 1366
1325 1841
1326 1353
1326 1572
1326 1577
1326 1645
1327 1475
1328 1366
1328 1404
1328 1510
1328 1597
1328 1729
1328 1802
1329 1629
1329 1756
1330 1336
1330 1454
1330 1553
1330 1680
1330 1707
1330 1769
1330 1820
1330 1903
1331 1339
1331 1721
1331 1728
1332 1348
1332 1460
1332 1481
1332 1570
1332 1636
1332 1713
1332 1838
1332 1889
1333 1445
1333 1471
1333 1653
1333 1731
1333 1791
1333 1812
1333 1935
1334 1588
1334 1593
1334 1821
1335 1365
1335 1402
1335 1786
1335 1864
1336 1601
1336 1612
1336 1656
1336 1660
1337 1356
1337 1362
1337 1536
1337 1636
1337 1642
1337 1648
1337 1736
1337 1883
1337 1903
1337 1916
1338 1369
1338 1614
1338 1753
1338 1925
1339 1721
1339 1822
1340 1452
1340 1513
1341 1365
1341 1410
1341 1644
1341 1721
1341 1744
1342 1401
1342 1855
1343 1548
1343 1577
1343 1886
1343 1925
1344 1420
1344 1421
1344 1440
1344 1475
1345 1363
1345 1382
1345 1535
1345 1537
1345 1582
1345 1739
1345 1791
1346 1581
1346 1596
1346 1695
1346 1890
1346 1899
1347 1369
1347 1690
1347 1722
1347 1931
1348 1557
1348 1601
1349 1446
1349 1528
1349 1885
1350 1385
1350 1442
1350 1444
1350 1561
1350 1677
1350 1760
1350 1764
1350 1798
1350 1805
1350 1900
1350 1934
1351 1373
1351 1606
1351 1636
1351 1642
1351 1793
1352 1359
1352 1404
1352 1642
1352 1849
1353 1383
1353 1480
1353 1645
1353 1651
1353 1692
1353 1925
1354 1428
1354 1536
1354 1736
1354 1845
1354 1909
1355 1465
1355 1706
1356 1477
1356 1520
1356 1788
1356 1789
1357 1665
1357 1839
1357 1906
1358 1683
1358 1863
1358 1875
1358 1930
1361 1433
1361 1754
1361 1777
1362 1440
1362 1515
1362 1700
1362 1715
1362 1884
1363 1445
1363 1549
1363 1590
1363 1609
1363 1817
1363 1874
1364 1373
1364 1642
1364 1644
1364 1721
1364 1884
1364 1910
1365 1433
1366 1409
1366 1837
1366 1841
1366 1860
1366 1908
1366 1916
1366 1935
1367 1432
1367 1497
1367 1516
1367 1519
1367 1523
1367 1600
1367 1639
1367 1686
1367 1713
1367 1796
1367 1838
1367 1846
1368 1816
1368 1898
1369 1614
1369 1840
1370 1514
1370 1800
1372 1473
1372 1484
1372 1526
1372 1650
1372 1893
1373 1381
1373 1714
1373 1793
1373 1819
1373 1859
1373 1873
1373 1902
1374 1395
1374 1433
1374 1445
1374 1634
1374 1643
1374 1695
1374 1853
1374 1932
1375 1520
1375 1521
1375 1636
1375 1638
1375 1713
1375 1789
1376 1428
1376 1484
1376 1642
1376 1709
1376 1736
1376 1880
1376 1927
1377 1412
1377 1458
1377 1467
1377 1482
1377 1536
1377 1564
1377 1574
1377 1585
1378 1515
1378 1677
1379 1552
1379 1655
1379 1719
1379 1734
1379 1798
1380 1474
1380 1787
1381 1531
1381 1581
1381 1768
1381 1801
1381 1856
1382 1386
1382 1490
1382 1598
1382 1726
1382 1734
1383 1733
1383 1930
1384 1648
1384 1880
1385 1404
1385 1449
1385 1502
1385 1534
1385 1597
1385 1627
1385 1634
1385 1642
1385 1644
1385 1730
1385 1744
1385 1919
1386 1475
1386 1490
1386 1734
1387 1496
1387 1499
1387 1529
1387 1801
1387 1856
1388 1392
1388 1417
1388 1520
1388 1586
1388 1616
1388 1735
1389 1430
1389 1537
1389 1699
1390 1553
1390 1784
1391 1576
1391 1595
1391 1762
1391 1889
1392 1616
1392 1643
1393 1754
1394 1448
1394 1521
1394 1743
1395 1416
1395 1634
1395 1670
1395 1687
1395 1932
1396 1436
1396 1477
1396 1487
1396 1630
1396 1679
1396 1785
1397 1416
1397 1483
1397 1897
1398 1416
1398 1600
1399 1547
1399 1720
1400 1464
1400 1506
1400 1655
1401 1481
1401 1735
1401 1819
1401 1828
1401 1920
1403 1721
1404 1433
1404 1478
1404 1502
1404 1534
1404 1539
1404 1663
1404 1754
1404 1892
1405 1759
1405 1784
1405 1830
1406 1431
1406 1722
1407 1426
1407 1687
1407 1716
1407 1748
1407 1773
1407 1894
1407 1921
1408 1432
1408 1508
1408 1678
1408 1826
1408 1935
1409 1812
1409 1874
1409 1935
1410 1587
1411 1435
1411 1467
1411 1546
1411 1585
1411 1620
1412 1546
1412 1914
1414 1437
1414 1814
1414 1823
1415 1522
1415 1780
1416 1419
1416 1558
1416 1630
1416 1641
1416 1643
1416 1664
1416 1887
1417 1682
1417 1718
1417 1755
1418 1494
1418 1556
1418 1604
1418 1738
1419 1487
1419 1887
1420 1424
1420 1475
1420 1511
1421 1750
1421 1760
1422 1540
1422 1755
1422 1867
1422 1881
1423 1477
1423 1571
1423 1645
1423 1771
1423 1933
1424 1511
1424 1665
1424 1906
1424 1918
1425 1713
1425 1934
1426 1445
1426 1492
1426 1676
1426 1731
1426 1741
1426 1745
1427 1477
1427 1637
1427 1646
1427 1650
1427 1681
1427 1787
1427 1895
1428 1571
1428 1591
1428 1594
1428 1611
1428 1927
1429 1492
1430 1663
1430 1844
1431 1491
1432 1519
1432 1657
1432 1826
1433 1437
1433 1470
1433 1644
1433 1655
1433 1710
1433 1783
1433 1786
1433 1790
1433 1823
1433 1853
1434 1524
1434 1580
1434 1595
1434 1611
1434 1637
1434 1787
1435 1608
1436 1491
1436 1646
1436 1709
1436 1888
1437 1451
1437 1470
1437 1539
1437 1541
1437 1766
1437 1830
1437 1872
1438 1501
1438 1595
1438 1785
1438 1787
1438 1829
1439 1483
1439 1534
1439 1634
1440 1475
1440 1559
1440 1688
1440 1884
1441 1829
1441 1876
1442 1561
1442 1569
1443 1485
1443 1644
1443 1763
1443 1866
1444 1562
1444 1716
1445 1597
1445 1741
1445 1817
1445 1881
1446 1808
1446 1880
1447 1523
1447 1639
1447 1699
1448 1663
1448 1737
1448 1781
1448 1832
1449 1934
1450 1519
1450 1537
1450 1657
1450 1838
1451 1772
1451 1808
1451 1859
1451 1872
1452 1775
1453 1493
1453 1904
1454 1514
1454 1846
1455 1475
1455 1550
1455 1566
1455 1572
1455 1668
1456 1488
1456 1572
1456 1629
1456 1669
1457 1465
1457 1467
1457 1479
1457 1509
1457 1533
1457 1574
1457 1620
1457 1727
1457 1861
1458 1661
1458 1697
1459 1488
1459 1500
1459 1640
1459 1782
1459 1801
1459 1918
1460 1542
1460 1557
1460 1595
1460 1889
1460 1891
1462 1626
1462 1834
1463 1501
1464 1470
1464 1483
1464 1565
1464 1573
1464 1668
1464 1701
1464 1704
1464 1770
1464 1855
1465 1727
1465 1795
1467 1468
1467 1494
1467 1556
1467 1574
1467 1585
1467 1620
1467 1668
1467 1711
1467 1782
1467 1794
1467 1810
1467 1929
1468 1575
1469 1496
1469 1513
1469 1539
1470 1528
1470 1565
1470 1742
1470 1772
1470 1786
1471 1700
1471 1817
1471 1935
1472 1544
1472 1669
1472 1722
1472 1798
1472 1855
1472 1905
1472 1923
1473 1484
1473 1527
1473 1672
1473 1800
1473 1900
1474 1484
1474 1641
1474 1785
1474 1787
1474 1887
1475 1559
1475 1609
1475 1633
1475 1640
1475 1918
1476 1551
1476 1698
1477 1499
1477 1630
1477 1646
1478 1775
1478 1933
1479 1750
1480 1734
1481 1636
1481 1735
1482 1761
1482 1812
1483 1735
1483 1741
1483 1818
1483 1836
1483 1848
1483 1888
1483 1937
1484 1591
1484 1709
1485 1754
1485 1866
1486 1502
1487 1514
1487 1630
1487 1717
1488 1490
1488 1669
1488 1719
1488 1931
1489 1608
1489 1629
1489 1719
1489 1803
1490 1840
1491 1857
1492 1504
1492 1719
1493 1545
1493 1721
1494 1603
1494 1604
1494 1770
1495 1833
1496 1499
1496 1529
1496 1602
1496 1909
1497 1536
1497 1698
1497 1891
1498 1623
1498 1885
1499 1785
1500 1605
1500 1640
1501 1511
1501 1743
1502 1510
1502 1558
1502 1852
1502 1853
1502 1894
1502 1911
1503 1632
1503 1722
1503 1901
1504 1633
1504 1902
1504 1906
1504 1915
1504 1918
1505 1611
1505 1688
1505 1805
1505 1832
1506 1512
1506 1565
1506 1566
1506 1834
1507 1842
1508 1510
1508 1854
1508 1867
1508 1892
1509 1855
1509 1929
1510 1597
1510 1599
1510 1852
1510 1899
1510 1935
1511 1743
1511 1809
1512 1798
1513 1539
1513 1665
1513 1781
1513 1822
1513 1936
1514 1713
1514 1811
1514 1825
1515 1752
1515 1777
1516 1628
1517 1529
1517 1577
1517 1608
1518 1900
1519 1537
1520 1617
1520 1661
1520 1903
1521 1661
1521 1883
1522 1796
1522 1817
1523 1689
1523 1841
1524 1673
1524 1799
1525 1588
1526 1650
1526 1747
1526 1750
1526 1772
1526 1900
1527 1658
1527 1763
1527 1779
1528 1750
1529 1604
1529 1618
1529 1668
1529 1711
1530 1563
1530 1636
1530 1837
1530 1863
1531 1557
1531 1663
1531 1682
1531 1685
1531 1835
1531 1856
1532 1734
1532 1798
1532 1805
1533 1573
1534 1730
1534 1823
1534 1871
1534 1920
1535 1582
1535 1633
1535 1683
1536 1564
1536 1580
1536 1698
1536 1707
1536 1738
1536 1752
1536 1903
1537 1581
1537 1598
1537 1663
1537 1696
1537 1699
1537 1739
1537 1801
1537 1812
1539 1725
1539 1802
1539 1859
1539 1894
1540 1589
1540 1841
1541 1647
1541 1710
1541 1870
1542 1562
1542 1714
1542 1750
1542 1798
1543 1658
1543 1797
1543 1848
1544 1632
1544 1732
1544 1743
1544 1901
1545 1665
1545 1904
1546 1604
1546 1668
1547 1619
1547 1843
1547 1883
1548 1877
1548 1930
1549 1596
1549 1631
1549 1759
1549 1854
1549 1860
1550 1668
1550 1719
1550 1724
1551 1600
1551 1643
1551 1674
1551 1686
1552 1598
1552 1719
1552 1807
1553 1754
1553 1769
1553 1835
1554 1788
1555 1684
1555 1789
1556 1711
1556 1727
1557 1588
1557 1650
1558 1672
1558 1894
1559 1793
1560 1761
1560 1844
1561 1623
1561 1624
1561 1627
1561 1865
1562 1637
1562 1819
1562 1828
1563 1767
1563 1842
1564 1636
1564 1656
1564 1711
1564 1792
1564 1889
1565 1566
1565 1668
1565 1690
1565 1764
1565 1798
1565 1818
1565 1917
1566 1629
1568 1931
1569 1624
1570 1586
1570 1636
1570 1648
1570 1682
1572 1578
1572 1719
1572 1923
1574 1575
1574 1578
1574 1663
1574 1707
1574 1757
1574 1805
1574 1855
1574 1923
1575 1598
1575 1706
1576 1605
1576 1673
1577 1719
1577 1925
1578 1924
1579 1671
1579 1718
1579 1740
1579 1841
1579 1920
1580 1650
1580 1704
1580 1707
1580 1787
1580 1800
1580 1820
1582 1840
1583 1779
1584 1605
1584 1827
1585 1608
1585 1738
1586 1682
1586 1735
1587 1857
1588 1650
1588 1732
1589 1593
1589 1664
1589 1841
1590 1678
1590 1759
1590 1870
1590 1921
1591 1787
1592 1754
1592 1831
1593 1674
1593 1741
1593 1890
1594 1677
1594 1698
1594 1927
1595 1611
1596 1599
1596 1720
1596 1761
1596 1770
1596 1802
1596 1860
1596 1935
1597 1634
1598 1663
1598 1705
1598 1719
1599 1695
1600 1643
1600 1796
1601 1659
1601 1769
1601 1859
1601 1909
1602 1668
1602 1810
1603 1609
1603 1617
1603 1738
1603 1817
1604 1618
1604 1804
1605 1762
1606 1636
1606 1729
1606 1736
1606 1802
1606 1859
1606 1938
1607 1645
1607 1737
1607 1781
1608 1660
1608 1676
1608 1680
1608 1719
1608 1723
1608 1881
1610 1660
1611 1704
1611 1757
1611 1876
1612 1660
1612 1682
1613 1806
1613 1873
1613 1933
1614 1726
1614 1930
1615 1808
1616 1850
1617 1630
1617 1661
1618 1661
1619 1770
1619 1843
1619 1874
1620 1629
1621 1642
1621 1714
1621 1807
1622 1714
1622 1784
1622 1859
1623 1712
1623 1776
1623 1857
1624 1627
1624 1776
1625 1665
1625 1781
1625 1807
1625 1915
1626 1663
1626 1732
1626 1844
1626 1881
1626 1918
1626 1931
1627 1744
1627 1825
1629 1803
1629 1810
1629 1834
1630 1871
1630 1933
1630 1934
1630 1937
1632 1901
1632 1933
1634 1664
1634 1852
1635 1740
1635 1826
1636 1638
1636 1656
1636 1729
1636 1837
1637 1650
1637 1666
1637 1747
1637 1799
1637 1821
1638 1643
1638 1650
1638 1694
1638 1789
1638 1799
1639 1696
1639 1699
1639 1700
1639 1715
1639 1838
1639 1850
1641 1694
1641 1895
1641 1933
1642 1677
1642 1736
1642 1884
1643 1664
1643 1800
1643 1817
1643 1890
1644 1721
1644 1823
1644 1853
1644 1866
1646 1654
1646 1862
1646 1923
1647 1692
1647 1702
1647 1810
1647 1828
1647 1932
1648 1698
1648 1927
1650 1671
1650 1800
1650 1873
1650 1933
1651 1886
1652 1686
1652 1710
1652 1783
1653 1773
1653 1791
1653 1800
1653 1869
1654 1876
1654 1923
1655 1663
1655 1670
1655 1710
1655 1918
1656 1903
1657 1813
1657 1838
1658 1704
1658 1769
1658 1927
1659 1660
1659 1671
1659 1676
1659 1685
1659 1768
1659 1856
1660 1680
1660 1889
1661 1738
1663 1782
1663 1835
1663 1844
1664 1789
1665 1679
1665 1721
1665 1728
1665 1807
1665 1816
1665 1822
1665 1832
1665 1906
1666 1681
1666 1725
1666 1834
1666 1923
1666 1933
1667 1922
1667 1930
1668 1923
1669 1905
1669 1923
1670 1779
1670 1798
1670 1895
1671 1740
1672 1853
1673 1891
1674 1686
1674 1796
1674 1817
1674 1907
1674 1926
1676 1719
1676 1725
1676 1860
1676 1881
1676 1923
1676 1937
1677 1726
1678 1770
1678 1874
1678 1908
1678 1935
1679 1744
1679 1832
1680 1715
1680 1738
1680 1851
1681 1749
1681 1871
1681 1882
1681 1933
1682 1685
1683 1930
1685 1768
1686 1698
1686 1735
1686 1848
1688 1824
1688 1832
1690 1742
1690 1855
1691 1724
1691 1914
1692 1799
1693 1754
1693 1831
1693 1916
1694 1741
1694 1933
1695 1890
1696 1700
1696 1867
1697 1815
1697 1847
1698 1735
1698 1927
1704 1752
1704 1848
1704 1927
1705 1923
1706 1727
1707 1835
1707 1845
1707 1891
1708 1774
1709 1785
1709 1888
1710 1791
1712 1721
1712 1776
1712 1896
1712 1910
1713 1846
1714 1856
1714 1873
1715 1820
1716 1759
1716 1773
1716 1828
1717 1797
1719 1834
1719 1851
1719 1862
1719 1923
1720 1841
1721 1825
1721 1896
1722 1771
1722 1933
1723 1764
1723 1803
1725 1834
1725 1864
1726 1930
1728 1822
1729 1837
1731 1761
1731 1773
1732 1933
1732 1937
1733 1863
1735 1848
1736 1802
1736 1919
1736 1938
1737 1832
1739 1782
1739 1812
1739 1874
1741 1937
1742 1766
1742 1805
1742 1855
1743 1752
1743 1809
1743 1888
1744 1832
1745 1766
1745 1805
1745 1806
1746 1902
1749 1882
1752 1847
1754 1775
1754 1777
1754 1835
1756 1857
1757 1805
1760 1764
1760 1921
1761 1812
1762 1827
1764 1809
1764 1818
1764 1897
1767 1920
1768 1912
1769 1784
1769 1845
1770 1786
1770 1803
1770 1810
1771 1898
1773 1800
1773 1824
1774 1794
1778 1783
1778 1823
1778 1934
1780 1796
1780 1838
1782 1810
1782 1836
1783 1790
1783 1806
1784 1811
1786 1870
1786 1897
1787 1893
1787 1895
1788 1920
1792 1912
1793 1801
1793 1884
1793 1902
1793 1918
1793 1925
1796 1817
1798 1805
1798 1923
1800 1900
1800 1907
1801 1925
1802 1899
1803 1840
1803 1855
1804 1827
1805 1855
1807 1832
1807 1876
1807 1884
1807 1915
1808 1829
1809 1901
1810 1836
1811 1825
1814 1824
1814 1872
1818 1917
1819 1828
1819 1910
1820 1903
1820 1907
1821 1856
1822 1876
1823 1858
1823 1896
1824 1845
1824 1869
1825 1832
1826 1892
1827 1913
1828 1859
1828 1920
1829 1872
1830 1866
1832 1884
1833 1897
1834 1896
1834 1922
1835 1845
1835 1869
1837 1842
1837 1916
1840 1855
1841 1842
1841 1938
1845 1872
1848 1926
1849 1912
1849 1928
1849 1930
1851 1862
1851 1869
1852 1938
1853 1870
1855 1929
1857 1888
1858 1920
1862 1896
1863 1930
1866 1919
1871 1933
1874 1908
1875 1925
1877 1930
1881 1937
1884 1904
1884 1918
1885 1921
1894 1899
1895 1923
1901 1917
1902 1915
1906 1936
1923 1933
1925 1930
1926 1937
1935 1938
