0 156
0 389
0 513
0 787
0 966
0 1226
0 1510
0 1620
0 1888
1 131
1 176
1 202
1 313
1 358
1 782
1 786
1 872
1 1070
1 1079
1 1212
1 1262
1 1265
1 1365
1 1456
1 1831
1 1880
1 1977
2 10
2 530
2 614
2 673
2 689
2 693
2 773
2 893
2 1092
2 1295
2 1606
2 1926
3 190
3 811
3 1285
3 1309
3 1594
3 1706
3 1811
3 1939
4 23
4 346
4 352
4 390
4 812
4 816
4 828
4 1037
4 1077
4 1104
4 1131
4 1209
4 1327
4 1768
4 1899
4 1911
5 93
5 149
5 431
5 595
5 696
5 781
5 825
5 1003
5 1079
5 1298
5 1365
5 1562
5 1776
5 1804
6 151
6 155
6 770
6 1294
6 1301
6 1364
6 1532
6 1636
6 1898
6 1930
6 1964
7 221
7 465
7 531
7 1307
7 1495
7 1636
7 1887
7 1943
8 174
8 320
8 494
8 644
8 653
8 745
8 1009
8 1110
8 1124
8 1323
8 1344
8 1537
8 1764
8 1884
9 69
9 91
9 179
9 222
9 370
9 428
9 661
9 823
9 1409
9 1461
9 1696
9 1827
10 313
10 542
10 909
10 1167
10 1742
10 1814
10 1823
10 1926
11 740
11 896
11 1014
11 1112
11 1137
11 1210
11 1546
11 1679
11 1771
11 1979
12 201
12 213
12 454
12 456
12 658
12 722
12 735
12 798
12 924
12 1027
12 1099
12 1207
12 1515
12 1526
12 1599
12 1639
12 1661
12 1752
12 1828
12 1898
13 186
13 312
13 314
13 324
13 698
13 796
13 1091
13 1305
13 1433
13 1559
13 1665
13 1845
13 1959
14 276
14 705
14 738
14 1361
14 1512
14 1737
14 1794
14 1834
14 1939
15 349
15 628
15 843
15 852
15 1211
15 1431
15 1600
16 607
16 797
16 798
16 981
16 1462
16 1684
16 1750
17 164
17 340
17 404
17 663
17 832
17 882
17 1078
17 1109
17 1152
17 1482
17 1615
17 1736
17 1822
17 1919
18 116
18 199
18 775
18 866
18 1174
18 1391
18 1415
18 1453
18 1868
19 365
19 500
19 817
19 858
19 1092
19 1181
19 1212
19 1225
19 1240
19 1295
19 1375
19 1683
19 1699
19 1821
20 101
20 408
20 741
20 811
20 1174
20 1270
20 1413
21 177
21 455
21 1025
21 1037
21 1189
21 1241
21 1264
21 1294
21 1378
21 1465
21 1478
21 1527
21 1532
21 1654
21 1723
21 1768
21 1893
21 1929
22 203
22 310
22 1052
22 1097
22 1149
22 1279
22 1315
22 1701
22 1707
22 1779
22 1959
23 161
23 346
23 359
23 400
23 828
23 1005
23 1022
23 1058
23 1155
23 1289
23 1372
23 1392
23 1633
24 143
24 315
24 583
24 705
24 824
24 1060
24 1081
24 1721
24 1794
24 1900
24 1974
25 176
25 177
25 194
25 316
25 987
25 1003
25 1008
25 1132
25 1222
25 1283
25 1425
25 1831
26 198
26 244
26 288
26 414
26 439
26 561
26 627
26 911
26 1171
26 1173
26 1780
26 1945
26 1987
27 691
27 764
27 978
27 1309
27 1444
27 1548
27 1848
27 1899
28 221
28 328
28 333
28 376
28 578
28 617
28 686
28 1061
28 1245
28 1459
28 1729
28 1775
28 1809
28 1910
29 126
29 143
29 228
29 254
29 381
29 424
29 504
29 508
29 555
29 703
29 804
29 828
29 857
29 870
29 919
29 939
29 1038
29 1059
29 1082
29 1088
29 1241
29 1372
29 1480
29 1502
29 1622
29 1746
29 1768
29 1788
29 1872
29 1900
30 289
30 407
30 435
30 556
30 918
30 1063
30 1164
30 1405
30 1458
30 1613
30 1765
30 1838
30 1869
31 253
31 939
31 1268
31 1291
31 1480
32 114
32 265
32 350
32 568
32 963
32 1351
32 1443
32 1637
32 1800
32 1860
33 164
33 211
33 310
33 320
33 387
33 463
33 478
33 558
33 644
33 663
33 757
33 861
33 910
33 915
33 957
33 1004
33 1097
33 1134
33 1159
33 1179
33 1370
33 1439
33 1485
33 1489
33 1517
33 1522
33 1555
33 1676
33 1812
33 1976
34 84
34 99
34 485
34 505
34 659
34 941
34 1115
34 1122
34 1423
34 1538
34 1623
34 1782
34 1806
34 1870
34 1915
34 1984
35 173
35 180
35 274
35 445
35 571
35 704
35 796
35 935
35 1073
35 1130
35 1143
35 1155
35 1328
35 1392
35 1419
35 1559
35 1733
35 1803
35 1912
35 1938
36 238
36 305
36 344
36 380
36 382
36 558
36 628
36 782
36 910
36 912
36 1355
36 1479
36 1814
37 145
37 456
37 658
37 662
37 712
37 795
37 896
37 1178
37 1465
37 1524
37 1584
37 1972
38 124
38 131
38 176
38 180
38 275
38 334
38 607
38 627
38 868
38 1015
38 1107
38 1283
38 1594
38 1819
38 1939
38 1945
39 141
39 349
39 718
39 829
39 1147
39 1185
39 1258
39 1341
39 1345
39 1742
40 264
40 432
40 608
40 1513
40 1755
41 120
41 287
41 355
41 612
41 750
41 878
41 1013
41 1100
41 1272
41 1298
41 1538
41 1679
42 43
42 168
42 206
42 207
42 298
42 367
42 387
42 413
42 421
42 443
42 478
42 539
42 559
42 574
42 606
42 661
42 727
42 769
42 949
42 1124
42 1325
42 1441
42 1461
42 1537
42 1597
42 1626
42 1663
42 1678
42 1760
42 1961
43 286
43 515
43 559
43 1325
43 1664
43 1968
44 349
44 397
44 602
44 757
44 938
44 1053
44 1136
44 1194
44 1297
44 1341
44 1485
44 1493
44 1500
44 1818
44 1874
44 1942
45 69
45 130
45 301
45 330
45 383
45 465
45 702
45 784
45 966
45 972
45 1089
45 1206
45 1343
45 1409
45 1677
45 1735
45 1888
45 1943
45 1949
45 1993
46 318
46 668
46 682
46 694
46 761
46 838
46 940
46 1142
46 1183
46 1297
46 1724
47 317
47 556
47 797
47 1231
47 1393
48 112
48 113
48 134
48 324
48 342
48 352
48 437
48 465
48 534
48 630
48 687
48 709
48 785
48 836
48 945
48 1098
48 1409
48 1696
48 1887
48 1911
49 222
49 396
49 766
49 838
49 937
49 940
49 971
49 1747
49 1873
50 438
50 676
50 1006
50 1211
50 1297
50 1779
50 1858
51 240
51 317
51 532
51 556
51 698
51 846
51 1045
51 1063
51 1601
52 64
52 117
52 151
52 171
52 435
52 441
52 475
52 996
52 1111
52 1287
52 1307
52 1540
52 1703
52 1869
52 1910
53 80
53 136
53 145
53 463
53 474
53 501
53 634
53 810
53 887
53 957
53 1115
53 1122
53 1584
54 104
54 305
54 382
54 480
54 482
54 1072
54 1073
54 1143
54 1354
54 1424
54 1510
54 1820
54 1855
55 104
55 389
55 437
55 447
55 766
55 1005
55 1075
55 1354
55 1696
56 62
56 243
56 314
56 462
56 852
56 1091
56 1278
56 1314
56 1689
56 1690
56 1882
56 1894
56 1906
56 1920
57 254
57 323
57 412
57 450
57 508
57 713
57 989
57 1330
57 1348
57 1382
57 1603
57 1704
57 1924
58 129
58 279
58 321
58 416
58 567
58 599
58 761
58 937
58 940
58 953
58 1095
58 1143
58 1192
58 1288
58 1426
58 1709
58 1941
59 118
59 247
59 315
59 386
59 402
59 417
59 469
59 763
59 779
59 824
59 841
59 947
59 1317
59 1352
59 1473
59 1639
59 1644
59 1766
59 1951
60 309
60 445
60 543
60 569
60 651
60 687
60 801
60 823
60 1010
60 1445
60 1610
60 1940
61 140
61 550
61 611
61 692
61 788
61 1120
61 1150
61 1601
61 1674
61 1824
61 1916
62 109
62 126
62 147
62 333
62 500
62 923
62 962
62 1502
62 1894
63 118
63 315
63 373
63 544
63 639
63 658
63 738
63 799
63 1042
63 1598
63 1713
63 1794
64 151
64 165
64 640
64 754
64 839
64 1056
64 1343
64 1635
64 1744
64 1943
65 372
65 386
65 426
65 1047
65 1341
65 1726
65 1772
65 1889
65 1960
66 198
66 587
66 743
66 987
66 1126
66 1328
66 1436
66 1596
67 292
67 510
67 548
67 701
67 814
67 843
67 1091
67 1457
67 1487
67 1593
67 1665
67 1897
67 1956
68 284
68 509
68 876
68 987
68 1163
68 1287
68 1307
68 1342
68 1955
69 91
69 219
69 222
69 232
69 262
69 560
69 921
69 945
69 966
69 1079
69 1215
69 1255
69 1418
69 1620
69 1747
69 1801
69 1831
69 1993
70 153
70 193
70 695
70 892
70 935
70 983
70 1366
70 1384
70 1440
70 1590
70 1751
71 250
71 454
71 766
71 1000
71 1220
71 1384
71 1466
71 1558
71 1596
71 1649
71 1733
71 1751
71 1803
71 1828
71 1909
72 464
72 675
72 737
72 876
72 1045
72 1163
72 1570
72 1586
72 1593
72 1634
72 1665
72 1711
72 1767
72 1846
73 75
73 172
73 919
73 936
73 1017
73 1175
73 1323
73 1378
73 1514
73 1841
73 1884
73 1900
74 393
74 606
74 959
74 1186
74 1315
74 1870
74 1915
75 272
75 626
75 645
75 666
75 696
75 825
75 954
75 1040
75 1373
75 1686
75 1787
75 1884
75 1954
76 306
76 356
76 529
76 609
76 652
76 955
76 1058
76 1284
76 1425
76 1687
76 1832
76 1922
76 1944
77 267
77 677
77 699
77 1549
77 1592
78 100
78 120
78 142
78 299
78 348
78 367
78 421
78 498
78 520
78 537
78 564
78 631
78 634
78 672
78 750
78 810
78 873
78 951
78 986
78 1034
78 1121
78 1313
78 1331
78 1353
78 1427
78 1488
78 1604
78 1774
78 1833
78 1970
79 191
79 378
79 400
79 419
79 513
79 1095
79 1563
80 136
80 331
80 405
80 473
80 586
80 900
80 1103
80 1280
80 1312
80 1580
80 1644
80 1727
80 1816
80 1960
81 112
81 172
81 239
81 300
81 444
81 531
81 587
81 728
81 1135
81 1144
81 1169
81 1294
81 1446
81 1636
81 1752
81 1893
81 1911
82 302
82 345
82 422
82 437
82 701
82 903
82 963
82 1171
82 1443
82 1780
82 1873
82 1992
83 164
83 179
83 234
83 281
83 293
83 318
83 406
83 619
83 784
83 785
83 1109
83 1168
83 1387
83 1409
83 1492
83 1516
83 1686
83 1797
83 1812
83 1946
84 92
84 247
84 261
84 310
84 526
84 659
84 807
84 947
84 1028
84 1159
84 1219
84 1236
84 1315
84 1394
84 1408
84 1646
84 1687
84 1757
84 1915
85 350
85 416
85 457
85 543
85 621
85 982
85 1508
85 1861
86 326
86 366
86 484
86 629
86 643
86 654
86 757
86 834
86 1053
86 1179
86 1193
86 1248
86 1396
86 1474
86 1947
87 869
87 980
87 1007
87 1019
87 1537
87 1602
87 1738
87 1961
88 106
88 418
88 566
88 706
88 869
88 938
88 1341
88 1538
88 1576
88 1732
88 1740
88 1827
88 1849
89 282
89 319
89 442
89 522
89 614
89 690
89 1295
89 1346
89 1636
89 1655
89 1691
89 1699
90 187
90 246
90 253
90 456
90 463
90 478
90 629
90 654
90 712
90 1110
90 1124
90 1296
90 1320
90 1401
90 1532
90 1898
90 1929
90 1934
91 177
91 204
91 219
91 545
91 562
91 680
91 702
91 1007
91 1058
91 1351
91 1587
91 1764
91 1860
92 208
92 350
92 642
92 1219
92 1299
92 1332
92 1359
92 1479
92 1544
92 1965
93 120
93 205
93 320
93 461
93 503
93 518
93 563
93 696
93 1379
93 1485
93 1558
93 1599
93 1942
94 402
94 576
94 586
94 679
94 780
94 1224
94 1422
94 1473
94 1525
94 1605
94 1800
94 1876
95 211
95 329
95 337
95 433
95 757
95 1315
95 1883
96 299
96 545
96 780
96 810
96 930
96 1224
96 1450
96 1513
96 1587
96 1991
97 131
97 313
97 338
97 457
97 846
97 903
97 1020
97 1107
97 1171
97 1240
97 1295
97 1468
97 1575
97 1660
97 1691
97 1799
97 1926
97 1962
98 342
98 352
98 731
98 776
98 975
98 1056
98 1232
98 1338
98 1677
98 1715
98 1885
98 1943
99 175
99 304
99 366
99 458
99 593
99 605
99 629
99 659
99 710
99 1934
99 1965
100 185
100 458
100 634
100 915
100 957
100 1604
101 317
101 391
101 452
101 764
101 896
101 913
101 973
101 1099
101 1164
101 1174
101 1390
101 1458
101 1472
101 1601
101 1892
101 1916
102 197
102 373
102 398
102 431
102 583
102 1049
102 1438
102 1679
102 1794
102 1834
103 320
103 458
103 549
103 593
103 653
103 773
103 915
103 932
103 1099
103 1100
103 1402
103 1916
103 1986
103 1991
104 400
104 966
104 1005
104 1143
104 1384
104 1440
104 1810
105 229
105 245
105 246
105 340
105 596
105 1078
105 1112
105 1417
105 1934
106 479
106 502
106 869
106 1256
106 1411
106 1415
106 1664
106 1773
106 1934
107 256
107 477
107 487
107 508
107 579
107 713
107 718
107 817
107 867
107 893
107 941
107 995
107 1082
107 1258
107 1295
107 1332
107 1388
107 1583
107 1623
107 1655
107 1702
107 1763
107 1785
107 1799
108 383
108 389
108 400
108 405
108 436
108 441
108 557
108 766
108 945
108 966
108 1155
108 1221
108 1585
108 1682
108 1703
108 1751
108 1867
108 1885
109 255
109 425
109 595
109 611
109 736
109 756
109 809
109 814
109 894
109 932
109 1375
109 1586
109 1588
109 1593
109 1845
109 1894
109 1986
110 262
110 594
110 619
110 683
110 734
110 861
110 1097
110 1133
110 1183
110 1208
110 1215
110 1796
110 1937
111 129
111 183
111 575
111 638
111 810
111 1216
111 1239
111 1501
111 1944
112 113
112 376
112 531
112 937
112 1135
112 1245
112 1278
112 1288
112 1887
113 396
113 687
113 888
113 1086
113 1144
113 1198
113 1385
113 1407
113 1855
113 1966
114 272
114 350
114 397
114 666
114 690
114 984
114 1197
114 1445
115 240
115 360
115 383
115 504
115 671
115 754
115 964
115 1125
115 1338
115 1344
115 1622
115 1744
115 1787
115 1841
115 1884
115 1885
115 1949
116 406
116 451
116 478
116 779
116 879
116 1019
116 1352
116 1503
116 1576
116 1605
116 1812
116 1826
116 1961
117 151
117 330
117 342
117 383
117 567
117 630
117 975
117 1067
117 1095
117 1439
117 1643
117 1676
117 1719
117 1759
118 247
118 358
118 379
118 594
118 930
118 1236
118 1273
118 1298
118 1421
118 1452
118 1477
118 1513
118 1639
118 1977
118 1998
119 138
119 159
119 245
119 407
119 519
119 615
119 712
119 733
119 770
119 795
119 1043
119 1078
119 1334
119 1401
119 1435
119 1632
119 1822
119 1838
120 136
120 142
120 144
120 205
120 461
120 520
120 570
120 751
120 878
120 900
120 958
120 968
120 1012
120 1127
120 1203
120 1614
120 1993
121 144
121 230
121 382
121 480
121 558
121 777
121 862
121 979
121 1097
121 1628
121 1936
122 350
122 388
122 1106
122 1136
122 1282
122 1299
122 1753
123 154
123 384
123 720
123 738
123 742
123 1438
123 1546
123 1669
123 1725
123 1761
124 228
124 332
124 504
124 674
124 678
124 946
124 1039
124 1107
124 1125
124 1209
124 1654
124 1656
124 1750
125 579
125 639
125 804
125 1285
125 1321
125 1480
125 1583
125 1584
125 1811
126 130
126 147
126 255
126 273
126 328
126 360
126 381
126 686
126 697
126 705
126 714
126 791
126 819
126 962
126 1153
126 1189
126 1278
126 1300
126 1343
126 1369
126 1429
126 1512
126 1635
126 1670
126 1723
126 1754
126 1841
126 1900
127 267
127 599
127 670
127 765
127 985
127 1567
127 1577
127 1950
128 302
128 518
128 567
128 696
128 793
128 1147
128 1163
128 1290
128 1443
128 1504
128 1804
128 1846
129 665
129 787
129 803
129 910
129 1058
129 1226
129 1281
129 1335
129 1426
129 1485
129 1501
129 1688
129 1709
129 1874
130 235
130 273
130 383
130 400
130 496
130 731
130 791
130 828
130 1095
130 1148
130 1192
130 1232
130 1271
130 1290
130 1366
130 1418
130 1578
130 1802
131 158
131 239
131 275
131 300
131 717
131 760
131 786
131 821
131 933
131 1074
131 1107
131 1131
131 1160
131 1206
131 1212
131 1240
131 1243
131 1300
131 1338
131 1447
131 1484
131 1622
131 1666
131 1677
131 1723
131 1768
131 1918
132 293
132 340
132 404
132 413
132 596
132 1387
132 1448
132 1537
132 1538
133 586
133 736
133 784
133 817
133 881
133 1002
133 1200
133 1224
133 1629
133 1683
133 1773
133 1785
133 1875
133 1986
133 1991
134 151
134 206
134 396
134 534
134 655
134 836
134 1053
134 1493
134 1615
134 1736
134 1896
135 354
135 406
135 527
135 683
135 734
135 831
135 877
135 980
135 1054
135 1090
135 1161
135 1203
135 1561
135 1602
135 1740
135 1773
135 1825
136 139
136 145
136 277
136 399
136 452
136 537
136 593
136 605
136 658
136 751
136 756
136 850
136 894
136 948
136 1012
136 1100
136 1154
136 1390
136 1599
136 1727
136 1935
137 155
137 177
137 288
137 453
137 572
137 594
137 748
137 946
137 952
137 1007
137 1019
137 1046
137 1112
137 1133
137 1264
137 1503
137 1575
137 1642
137 1656
137 1898
138 498
138 519
138 631
138 674
138 723
138 749
138 895
138 970
138 1334
138 1542
138 1552
138 1656
138 1853
139 174
139 245
139 449
139 488
139 605
139 678
139 1127
139 1323
139 1347
139 1435
139 1465
139 1514
139 1591
139 1731
139 1816
139 1913
139 1934
139 1935
139 1978
140 294
140 312
140 399
140 407
140 550
140 612
140 729
140 1043
140 1068
140 1100
140 1130
140 1166
140 1195
140 1305
140 1405
140 1419
140 1579
141 351
141 415
141 426
141 956
141 1341
141 1629
141 1876
141 1879
142 167
142 247
142 461
142 474
142 494
142 565
142 634
142 654
142 735
142 850
142 973
142 1099
142 1272
142 1432
142 1524
142 1757
142 1947
142 1972
143 225
143 705
143 804
143 868
143 1038
143 1277
143 1285
143 1594
144 226
144 322
144 399
144 457
144 518
144 612
144 829
144 862
144 928
144 1201
144 1203
144 1427
144 1621
144 1741
144 1757
144 1806
144 1936
144 1993
145 166
145 168
145 443
145 495
145 729
145 753
145 1100
145 1202
145 1252
145 1377
145 1524
145 1847
145 1902
146 308
146 369
146 550
146 692
146 1110
146 1166
146 1238
146 1344
146 1374
146 1376
146 1401
146 1589
146 1618
146 1632
146 1932
147 244
147 267
147 314
147 414
147 697
147 1586
147 1767
147 1872
148 191
148 670
148 765
148 927
148 1171
148 1328
148 1483
148 1786
149 374
149 595
149 657
149 697
149 715
149 1013
149 1343
149 1710
149 1835
150 166
150 176
150 194
150 739
150 797
150 1329
150 1437
150 1452
150 1654
150 1776
150 1862
151 490
151 613
151 640
151 655
151 1050
151 1079
151 1187
151 1209
151 1265
151 1294
151 1381
151 1522
151 1612
151 1654
151 1676
151 1801
151 1896
151 1911
151 1930
152 248
152 263
152 509
152 510
152 538
152 595
152 657
152 690
152 743
152 843
152 852
152 922
152 984
152 987
152 1000
152 1003
152 1096
152 1108
152 1114
152 1156
152 1314
152 1375
152 1383
152 1428
152 1505
152 1530
152 1675
152 1699
152 1909
152 1969
153 375
153 604
153 625
153 760
153 821
153 851
153 886
153 892
153 1066
153 1149
153 1246
153 1306
153 1424
153 1735
153 1855
153 1888
153 1906
153 1959
154 184
154 338
154 504
154 722
154 860
154 978
154 999
154 1107
154 1234
154 1261
154 1300
154 1502
154 1539
154 1546
154 1754
155 184
155 490
155 519
155 624
155 770
155 899
155 936
155 1112
155 1176
155 1276
155 1369
155 1416
155 1552
155 1640
155 1746
155 1898
155 1900
155 1975
156 378
156 531
156 587
156 966
156 1304
156 1307
156 1648
156 1677
156 1747
157 253
157 455
157 528
157 939
157 1175
157 1320
157 1372
157 1414
157 1435
157 1518
157 1527
157 1528
157 1613
157 1694
157 1838
157 1840
158 944
158 1242
158 1484
158 1590
158 1793
158 1918
159 340
159 354
159 471
159 497
159 527
159 1043
159 1064
159 1217
159 1556
160 584
160 610
160 952
160 1064
160 1112
160 1120
160 1266
160 1276
160 1498
161 196
161 280
161 538
161 555
161 695
161 983
161 1077
161 1372
161 1428
161 1750
161 1851
161 1931
162 208
162 479
162 498
162 642
162 775
162 810
162 895
162 955
162 1325
162 1326
162 1391
162 1591
162 1663
162 1664
162 1722
162 1886
163 369
163 770
163 936
163 1175
163 1364
163 1393
163 1778
163 1838
163 1892
164 324
164 380
164 492
164 593
164 619
164 622
164 774
164 782
164 785
164 1048
164 1097
164 1154
164 1489
164 1551
164 1822
164 1958
165 708
165 1036
165 1381
165 1744
165 1808
165 1869
165 1985
166 168
166 456
166 474
166 569
166 929
166 1124
166 1272
166 1437
166 1599
166 1902
167 290
167 409
167 494
167 570
167 929
167 1093
167 1188
167 1277
167 1296
167 1353
167 1734
167 1922
168 461
168 515
168 601
168 750
168 810
168 894
168 896
168 932
168 1597
168 1722
168 1760
169 327
169 350
169 759
169 873
169 1427
169 1602
169 1637
169 1864
169 1878
170 292
170 353
170 375
170 425
170 589
170 767
170 809
170 816
170 1066
170 1419
170 1567
170 1733
170 1828
170 1891
170 1895
170 1956
171 243
171 284
171 435
171 528
171 595
171 797
171 809
171 904
171 918
171 1151
171 1175
171 1287
171 1314
172 224
172 251
172 417
172 587
172 702
172 1040
172 1153
172 1160
172 1192
172 1232
172 1288
172 1416
172 1677
172 1752
172 1788
172 1900
173 196
173 201
173 209
173 274
173 334
173 607
173 705
173 1027
173 1277
173 1278
173 1296
173 1319
173 1543
173 1784
174 216
174 245
174 294
174 410
174 443
174 596
174 751
174 1009
174 1043
174 1127
174 1498
174 1537
174 1582
175 458
175 516
175 611
175 662
175 710
175 1217
175 1363
175 1417
175 1646
175 1757
175 1785
175 1806
175 1972
175 1986
176 358
176 569
176 698
176 906
176 1222
176 1357
176 1365
176 1421
176 1476
176 1562
176 1610
176 1654
176 1781
176 1939
177 194
177 370
177 453
177 495
177 538
177 562
177 666
177 825
177 1003
177 1037
177 1080
177 1104
177 1133
177 1377
177 1416
177 1445
177 1654
177 1769
177 1801
178 220
178 230
178 292
178 405
178 548
178 622
178 785
178 886
178 1066
178 1105
178 1304
178 1307
178 1496
178 1628
179 262
179 266
179 293
179 997
179 1168
179 1368
179 1448
179 1587
179 1827
179 1857
180 569
180 570
180 868
180 1012
180 1015
180 1243
180 1277
180 1519
180 1649
180 1803
180 1832
180 1935
180 1938
181 195
181 391
181 477
181 579
181 648
181 753
181 920
181 1744
182 204
182 288
182 417
182 533
182 632
182 687
182 766
182 807
182 888
182 940
182 945
182 1085
182 1133
182 1183
182 1709
182 1827
183 205
183 563
183 577
183 771
183 803
183 814
183 843
183 871
183 890
183 891
183 894
183 1000
183 1012
183 1168
183 1172
183 1184
183 1216
184 328
184 338
184 622
184 776
184 899
184 972
184 1234
184 1369
184 1575
184 1669
184 1822
184 1908
184 1943
185 188
185 257
185 304
185 408
185 565
185 710
185 957
185 1047
185 1179
185 1321
185 1488
185 1521
185 1584
185 1905
185 1960
185 1972
186 203
186 252
186 314
186 514
186 580
186 852
186 987
186 1433
186 1707
186 1791
186 1855
187 899
187 936
187 1026
187 1393
187 1453
187 1532
187 1643
187 1712
187 1908
188 536
188 639
188 748
188 1047
188 1321
188 1513
188 1726
188 1749
189 706
189 826
189 970
189 1134
189 1370
189 1463
189 1490
190 357
190 678
190 853
190 1123
190 1181
190 1209
190 1212
190 1264
190 1309
190 1364
190 1435
190 1444
190 1480
190 1642
190 1768
190 1778
190 1811
190 1840
190 1865
190 1930
191 222
191 437
191 481
191 630
191 650
191 707
191 927
191 963
191 1058
191 1095
191 1351
191 1407
191 1418
191 1426
191 1966
192 465
192 731
192 786
192 993
192 1242
192 1265
192 1338
192 1457
192 1495
192 1578
192 1611
192 1852
192 1911
192 1949
193 1126
193 1246
193 1613
193 1694
193 1751
193 1938
194 483
194 924
194 1776
195 537
195 579
195 1170
195 1511
195 1647
195 1693
195 1970
196 209
196 935
196 983
196 1139
196 1238
196 1373
196 1374
197 276
197 365
197 373
197 414
197 439
197 669
197 977
197 1045
197 1821
198 220
198 314
198 414
198 454
198 462
198 554
198 699
198 701
198 886
198 1022
198 1207
198 1246
198 1289
198 1543
198 1559
198 1596
198 1791
198 1983
199 354
199 484
199 1090
199 1263
199 1415
199 1556
200 467
200 1189
200 1369
200 1393
200 1532
200 1632
200 1744
201 213
201 307
201 403
201 607
201 1060
201 1093
201 1277
201 1405
201 1752
201 1938
202 273
202 523
202 792
202 1074
202 1104
202 1265
202 1301
202 1340
202 1385
202 1429
202 1446
202 1636
202 1720
202 1801
202 1831
202 1855
203 231
203 236
203 405
203 457
203 592
203 600
203 647
203 829
203 987
203 1052
203 1108
203 1130
203 1207
203 1305
203 1590
203 1596
203 1707
203 1828
204 217
204 560
204 835
204 883
204 1007
204 1113
204 1133
204 1322
204 1448
204 1506
205 286
205 520
205 575
205 623
205 894
205 969
205 1062
205 1718
205 1798
206 207
206 418
206 484
206 490
206 899
206 965
206 972
206 1053
206 1109
206 1214
206 1341
206 1409
206 1461
206 1581
206 1607
206 1615
206 1643
206 1759
207 303
207 511
207 584
207 673
207 723
207 727
207 749
207 832
207 907
207 952
207 988
207 1133
207 1180
207 1322
207 1478
207 1612
207 1615
207 1654
208 533
208 562
208 706
208 790
208 807
208 916
208 938
208 949
208 1124
208 1134
208 1326
208 1359
208 1479
208 1485
209 252
209 314
209 403
209 454
209 595
209 641
209 697
209 781
209 981
209 1231
209 1278
209 1428
209 1733
209 1845
210 254
210 283
210 555
210 1227
210 1329
210 1376
210 1382
210 1438
210 1497
210 1574
210 1939
211 310
211 520
211 616
211 672
211 805
211 968
211 1233
211 1718
211 1858
211 1976
212 266
212 281
212 481
212 576
212 780
212 790
212 910
212 1213
212 1351
212 1576
212 1587
212 1602
212 1637
212 1790
212 1812
212 1849
212 1963
213 468
213 1110
213 1238
213 1323
213 1515
213 1518
213 1750
213 1839
213 1913
214 333
214 345
214 731
214 923
214 978
214 993
214 1000
214 1026
214 1096
214 1271
214 1308
214 1539
214 1809
214 1992
215 225
215 264
215 410
215 479
215 579
215 674
215 1463
215 1755
215 1777
215 1866
215 1886
216 789
216 1127
216 1326
216 1348
216 1404
216 1538
216 1722
216 1773
216 1924
217 533
217 880
217 916
217 1368
217 1561
217 1602
218 637
218 987
218 1132
218 1395
218 1636
218 1699
218 1748
218 1821
218 1871
219 303
219 447
219 561
219 812
219 1104
219 1113
219 1125
219 1298
219 1457
219 1831
219 1949
219 1977
220 292
220 399
220 445
220 457
220 473
220 647
220 701
220 820
220 834
220 948
220 1024
220 1248
220 1419
220 1619
220 1885
220 1983
221 465
221 522
221 715
221 1098
221 1212
221 1242
221 1343
221 1429
221 1720
221 1910
221 1918
222 330
222 396
222 419
222 630
222 883
222 1247
222 1493
222 1506
222 1857
222 1966
223 667
223 716
223 1025
223 1327
223 1340
223 1467
223 1727
223 1843
224 468
224 495
224 807
224 1160
224 1220
224 1243
224 1253
224 1281
224 1323
224 1591
224 1687
225 283
225 374
225 434
225 450
225 508
225 529
225 540
225 579
225 590
225 844
225 868
225 897
225 906
225 920
225 994
225 1146
225 1244
225 1285
225 1464
225 1617
225 1657
225 1693
225 1710
225 1721
225 1737
225 1777
225 1832
225 1939
226 393
226 592
226 693
226 701
226 829
226 834
226 968
226 1072
226 1474
226 1621
226 1779
227 418
227 474
227 559
227 655
227 880
227 938
227 1053
227 1124
227 1158
227 1159
227 1408
227 1451
227 1676
227 1947
228 249
228 251
228 268
228 288
228 455
228 562
228 627
228 895
228 1059
228 1085
228 1160
228 1267
228 1372
228 1656
228 1723
228 1988
229 459
229 584
229 692
229 723
229 1078
229 1217
229 1631
229 1632
230 301
230 337
230 433
230 436
230 457
230 560
230 917
230 966
230 979
230 1072
230 1118
230 1304
230 1400
230 1434
230 1506
230 1628
230 1810
231 243
231 425
231 1118
231 1371
231 1590
231 1593
231 1920
232 447
232 567
232 576
232 694
232 707
232 966
232 1001
232 1255
232 1351
232 1719
232 1867
233 691
233 1015
233 1017
233 1081
233 1277
233 1594
234 298
234 683
234 727
234 1019
234 1076
234 1080
234 1133
234 1489
234 1516
234 1773
234 1812
235 267
235 470
235 731
235 754
235 978
235 1131
235 1300
235 1486
235 1554
235 1611
236 316
236 429
236 796
236 833
236 846
236 1045
236 1130
236 1154
236 1535
236 1765
236 1895
237 324
237 369
237 460
237 475
237 774
237 892
237 996
237 1066
237 1278
237 1318
237 1369
237 1393
237 1401
237 1642
237 1712
237 1784
237 1887
237 1898
238 261
238 344
238 382
238 777
238 1075
238 1168
238 1297
238 1354
239 250
239 325
239 417
239 437
239 448
239 557
239 613
239 650
239 686
239 724
239 726
239 766
239 872
239 903
239 971
239 1098
239 1245
239 1294
239 1301
239 1446
239 1570
239 1711
239 1716
239 1723
239 1918
239 1945
239 1951
239 1987
240 317
240 855
240 967
240 1324
240 1338
240 1666
240 1869
240 1892
241 258
241 466
241 590
241 688
241 1099
241 1292
241 1640
241 1710
242 400
242 587
242 604
242 628
242 766
242 1165
242 1192
242 1226
242 1446
242 1855
243 464
243 747
243 904
243 1111
243 1207
243 1371
243 1593
243 1752
243 1845
243 1891
243 1906
244 314
244 627
244 669
244 781
244 1073
244 1171
244 1447
244 1570
244 1586
244 1723
244 1804
244 1894
245 712
245 741
245 1110
245 1112
245 1390
245 1632
245 1913
246 253
246 257
246 517
246 550
246 1043
246 1120
246 1518
246 1521
246 1631
246 1913
246 1934
247 320
247 474
247 799
247 807
247 890
247 986
247 1122
247 1159
247 1239
247 1359
248 292
248 358
248 469
248 698
248 722
248 809
248 992
248 1091
248 1261
248 1262
248 1314
248 1375
248 1410
248 1540
248 1619
248 1639
248 1651
249 269
249 543
249 651
249 842
249 911
249 1039
249 1082
249 1215
249 1267
249 1313
249 1332
249 1353
249 1367
249 1468
249 1861
249 1952
249 1988
250 275
250 781
250 864
250 993
250 1033
250 1466
250 1570
250 1634
250 1933
250 1945
251 416
251 626
251 685
251 775
251 790
251 1076
251 1135
251 1190
251 1288
251 1372
251 1861
252 359
252 375
252 563
252 814
252 924
252 1379
252 1543
252 1828
252 1845
252 1855
253 460
253 960
253 1174
253 1291
253 1435
253 1472
253 1784
253 1839
254 373
254 412
254 424
254 507
254 1059
254 1512
254 1542
254 1725
255 368
255 401
255 601
255 611
255 692
255 896
255 954
255 990
255 1059
255 1148
255 1217
255 1253
255 1361
255 1373
255 1374
255 1465
255 1512
255 1586
255 1591
255 1666
255 1697
255 1698
255 1711
255 1723
255 1771
255 1795
255 1892
255 1903
256 710
256 1321
256 1583
256 1640
256 1749
257 460
257 550
257 593
257 654
257 658
257 774
257 1195
257 1402
257 1639
257 1766
257 1972
258 521
258 725
258 908
258 1116
258 1640
259 767
259 998
259 1177
259 1438
259 1681
260 486
260 695
260 1278
260 1318
260 1527
260 1648
260 1694
260 1841
260 1885
260 1893
261 380
261 387
261 433
261 1097
261 1257
261 1297
261 1394
261 1441
261 1506
261 1782
261 1842
262 344
262 446
262 480
262 576
262 784
262 1079
262 1133
262 1180
262 1224
262 1587
262 1769
262 1857
263 462
263 633
263 654
263 805
263 1108
263 1111
263 1207
263 1233
263 1293
263 1505
263 1898
264 434
264 1273
264 1513
264 1582
264 1886
265 680
265 843
265 927
265 984
265 1351
265 1483
265 1790
265 1876
266 576
266 1141
266 1142
266 1168
266 1971
267 328
267 338
267 414
267 500
267 670
267 675
267 677
267 699
267 854
267 925
267 978
267 1117
267 1171
267 1251
267 1290
267 1395
267 1504
267 1548
267 1554
267 1577
267 1729
267 1767
267 1821
267 1830
267 1850
267 1992
268 303
268 494
268 749
268 870
268 1007
268 1076
268 1273
268 1348
268 1386
268 1656
268 1704
269 436
269 457
269 633
269 735
269 901
269 1082
269 1207
269 1284
269 1289
269 1296
269 1363
269 1372
269 1408
269 1660
269 1682
269 1702
269 1757
269 1783
269 1861
269 1882
269 1906
269 1922
270 315
270 659
270 863
270 923
270 947
270 962
270 1024
270 1082
270 1367
270 1569
270 1598
270 1623
270 1759
270 1900
271 319
271 797
271 836
271 999
271 1074
271 1107
271 1437
271 1529
271 1691
271 1933
272 274
272 402
272 503
272 567
272 696
272 824
272 1191
272 1310
272 1562
272 1610
272 1800
272 1826
273 360
273 523
273 599
273 601
273 703
273 784
273 1070
273 1176
273 1192
273 1416
273 1686
273 1769
273 1787
273 1837
273 1855
274 374
274 399
274 435
274 452
274 522
274 595
274 611
274 690
274 698
274 875
274 928
274 1284
274 1310
274 1319
274 1363
274 1373
274 1405
274 1459
274 1559
274 1562
274 1571
274 1601
274 1651
274 1671
274 1832
274 1910
274 1983
275 730
275 781
275 1254
275 1365
275 1438
275 1447
275 1649
276 522
276 897
276 1242
276 1405
276 1460
276 1557
276 1645
276 1748
276 1761
276 1939
277 366
277 399
277 443
277 605
277 663
277 1016
277 1043
277 1187
277 1203
277 1248
277 1259
277 1441
277 1556
277 1571
277 1615
277 1676
277 1825
278 680
278 909
278 1450
278 1587
278 1718
278 1790
279 731
279 786
279 800
279 803
279 1192
279 1536
279 1650
279 1677
279 1837
279 1880
279 1982
280 453
280 538
280 571
280 733
280 936
280 1139
280 1155
280 1318
280 1364
280 1435
280 1505
280 1526
280 1898
281 417
281 447
281 492
281 576
281 835
281 1040
281 1354
281 1355
281 1473
281 1686
281 1987
282 476
282 522
282 550
282 875
282 993
282 1098
282 1182
282 1376
282 1598
282 1721
282 1939
282 1945
283 1574
283 1589
283 1710
283 1777
283 1835
284 292
284 353
284 535
284 595
284 722
284 924
284 1083
284 1156
284 1235
284 1307
284 1983
285 386
285 582
285 650
285 651
285 801
285 1138
285 1140
285 1282
285 1313
285 1488
285 1772
285 1807
285 1951
285 1973
286 503
286 515
286 623
286 659
286 871
286 958
286 969
286 1021
286 1606
286 1624
286 1739
286 1760
287 320
287 456
287 463
287 501
287 577
287 764
287 896
287 1012
287 1100
287 1130
287 1253
287 1828
287 1895
287 1912
288 524
288 554
288 650
288 869
288 946
288 997
288 1007
288 1173
288 1367
288 1411
288 1591
288 1723
288 1827
288 1900
289 391
289 394
289 435
289 552
289 652
289 662
289 739
289 797
289 920
289 1128
289 1188
289 1296
289 1336
289 1380
289 1413
289 1414
289 1458
289 1519
289 1540
289 1832
290 615
290 798
290 850
290 1277
290 1336
290 1401
290 1515
290 1734
290 1784
290 1881
290 1935
291 339
291 430
291 797
291 855
291 1414
291 1613
291 1762
291 1819
291 1881
292 704
292 722
292 796
292 833
292 904
292 1091
292 1118
292 1536
292 1828
292 1885
292 1909
293 558
293 574
293 619
293 623
293 661
293 1134
293 1538
293 1796
294 355
294 374
294 570
294 729
294 751
294 1150
294 1361
294 1562
294 1657
294 1697
294 1734
294 1935
295 305
295 979
295 1118
295 1201
295 1558
295 1600
295 1718
295 1936
296 1121
296 1353
296 1537
296 1597
296 1609
296 1974
296 1979
297 534
297 588
297 684
297 687
297 794
297 959
297 1183
297 1198
297 1442
297 1455
297 1493
297 1564
298 344
298 526
298 623
298 638
298 827
298 910
298 949
298 965
298 1046
298 1133
298 1159
298 1168
298 1451
298 1624
298 1663
298 1796
298 1798
298 1948
299 873
299 1386
299 1399
299 1513
299 1647
299 1878
299 1970
300 496
300 581
300 856
300 933
300 1497
300 1578
300 1768
300 1788
300 1893
300 1923
301 380
301 560
301 622
301 835
301 972
301 1355
301 1550
301 1607
301 1680
301 1799
301 1880
302 1033
302 1119
302 1163
302 1171
302 1245
302 1570
302 1729
303 324
303 360
303 613
303 619
303 661
303 808
303 989
303 1007
303 1113
303 1125
303 1180
303 1206
303 1215
303 1409
303 1642
303 1654
303 1698
303 1704
303 1723
303 1738
303 1769
304 799
304 1122
304 1673
304 1934
304 1972
305 821
305 910
305 1005
305 1201
305 1243
305 1354
305 1614
305 1620
305 1633
305 1888
305 1993
306 429
306 439
306 580
306 987
306 1000
306 1130
306 1284
306 1296
306 1320
306 1405
306 1457
306 1519
306 1608
306 1613
306 1762
307 430
307 439
307 625
307 1093
307 1246
307 1323
307 1543
307 1599
307 1881
307 1935
308 317
308 398
308 550
308 774
308 993
308 998
308 1013
308 1099
308 1293
308 1551
308 1634
308 1845
308 1925
309 318
309 372
309 569
309 1191
309 1889
310 320
310 401
310 518
310 611
310 1028
310 1116
310 1130
310 1315
310 1559
310 1806
310 1950
311 448
311 578
311 686
311 1149
311 1659
311 1670
311 1793
311 1880
312 494
312 569
312 580
312 830
312 929
312 1068
312 1149
312 1246
312 1405
312 1559
312 1701
312 1765
312 1938
313 358
313 718
313 1236
313 1295
313 1315
313 1333
313 1630
313 1736
313 1742
314 395
314 464
314 647
314 699
314 1163
314 1246
314 1278
314 1907
315 582
315 658
315 799
315 804
315 1754
315 1766
315 1900
316 339
316 495
316 570
316 740
316 878
316 1093
316 1130
316 1132
316 1762
316 1938
317 398
317 532
317 797
317 1087
317 1164
317 1413
317 1546
318 351
318 372
318 416
318 588
318 668
318 687
318 761
318 782
318 790
318 808
318 982
318 1086
318 1089
318 1185
318 1341
318 1409
318 1874
318 1946
319 753
319 1042
319 1280
319 1534
319 1636
319 1661
319 1997
320 401
320 577
320 644
320 751
320 890
320 896
320 1062
320 1099
320 1551
320 1599
320 1701
321 728
321 787
321 1095
321 1144
321 1440
321 1719
322 380
322 520
322 1048
322 1315
322 1427
322 1814
322 1854
323 450
323 466
323 579
323 713
323 1202
323 1402
323 1452
323 1853
324 342
324 360
324 436
324 494
324 654
324 774
324 782
324 834
324 1072
324 1091
324 1111
324 1162
324 1265
324 1278
324 1296
324 1409
324 1457
324 1540
324 1588
324 1615
324 1676
324 1735
324 1845
324 1855
324 1885
325 389
325 437
325 557
325 645
325 874
325 892
325 1074
325 1340
325 1407
325 1887
325 1954
326 502
326 643
326 1142
326 1204
326 1415
326 1724
326 1995
327 815
327 1362
327 1550
327 1602
327 1745
327 1790
327 1876
328 378
328 500
328 582
328 599
328 650
328 686
328 776
328 972
328 978
328 990
328 1017
328 1067
328 1081
328 1095
328 1212
328 1420
328 1444
328 1475
328 1549
328 1565
328 1569
328 1581
328 1677
328 1809
328 1880
328 1900
329 337
329 438
329 771
329 837
329 1035
329 1168
329 1302
329 1718
329 1789
329 1798
330 419
330 613
330 694
330 761
330 971
330 1001
330 1095
330 1111
330 1409
330 1420
330 1506
330 1759
330 1797
330 1989
331 391
331 634
331 654
331 662
331 672
331 712
331 1390
331 1615
331 1919
331 1960
332 504
332 865
332 913
332 1009
332 1059
332 1324
332 1336
332 1344
332 1414
332 1498
332 1518
332 1546
332 1574
332 1819
332 1892
333 595
333 715
333 791
333 864
333 978
333 1033
333 1096
333 1459
333 1729
334 476
334 651
334 705
334 781
334 1140
334 1361
334 1562
334 1723
334 1945
335 533
335 801
335 912
335 1299
335 1479
335 1753
335 1807
335 1876
335 1940
336 493
336 512
336 583
336 764
336 775
336 804
336 828
336 1049
336 1271
336 1403
336 1566
336 1899
337 457
337 633
337 862
337 900
337 968
337 1016
337 1108
337 1259
337 1383
337 1550
337 1753
337 1883
337 1962
338 846
338 925
338 962
338 1300
338 1577
339 430
339 523
339 756
339 830
339 1045
339 1063
339 1419
339 1465
339 1586
339 1728
339 1935
339 1938
340 594
340 624
340 663
340 1043
340 1112
340 1489
340 1490
340 1538
340 1937
341 343
341 553
341 789
341 1224
341 1229
341 1332
341 1422
341 1785
341 1984
342 376
342 383
342 622
342 731
342 754
342 776
342 1265
342 1385
342 1880
343 420
343 659
343 867
343 926
343 930
343 1275
343 1332
343 1399
343 1448
343 1471
343 1990
344 387
344 576
344 1255
344 1485
344 1796
345 437
345 1000
345 1033
345 1173
345 1317
345 1530
345 1873
345 1933
345 1951
346 390
346 975
346 1017
346 1095
346 1412
346 1954
347 432
347 472
347 473
347 501
347 605
347 820
347 871
347 958
347 1012
347 1016
347 1039
347 1965
348 527
348 537
348 751
348 1150
348 1774
348 1905
348 1972
349 518
349 568
349 628
349 636
349 848
349 1315
349 1621
349 1742
349 1779
349 1814
349 1942
350 386
350 426
350 451
350 790
350 818
350 863
350 947
350 982
350 1031
350 1197
350 1275
350 1282
350 1299
350 1332
350 1358
350 1406
350 1422
350 1637
350 1702
350 1826
350 1861
350 1864
350 1876
350 1928
351 621
351 646
351 982
351 1185
351 1211
351 1876
352 437
352 836
352 1037
352 1294
352 1563
352 1747
352 1801
352 1802
352 1885
353 375
353 876
353 892
353 918
353 924
353 1349
353 1608
353 1613
353 1634
354 418
354 484
354 497
354 519
354 758
354 826
354 1640
354 1773
354 1868
354 1947
355 409
355 501
355 729
355 958
355 1122
355 1471
355 1538
355 1657
355 1673
355 1721
355 1739
355 1974
356 571
356 1008
356 1081
356 1095
356 1308
356 1403
356 1425
356 1700
357 839
357 907
357 952
357 989
357 1043
357 1187
357 1330
357 1381
357 1641
357 1642
357 1645
358 379
358 469
358 813
358 890
358 909
358 1003
358 1042
358 1107
358 1261
358 1339
358 1482
358 1616
358 1654
358 1658
358 1736
359 513
359 535
359 563
359 604
359 704
359 783
359 843
359 1289
359 1392
359 1428
359 1558
359 1567
359 1600
359 1906
360 490
360 511
360 870
360 972
360 1070
360 1265
360 1369
360 1698
360 1744
360 1949
361 638
361 961
361 1032
361 1168
361 1216
361 1595
361 1770
362 602
362 663
362 757
362 1653
362 1863
362 1870
362 1960
363 702
363 908
363 1132
363 1328
363 1573
363 1871
364 373
364 530
364 619
364 623
364 825
364 964
364 970
364 988
364 1065
364 1085
364 1125
364 1133
364 1154
364 1656
364 1686
365 373
365 773
365 881
365 894
365 904
365 923
365 993
365 1598
365 1612
365 1683
365 1725
365 1761
366 593
366 757
366 769
366 915
366 1048
366 1441
366 1782
366 1854
367 377
367 380
367 404
367 494
367 527
367 907
367 910
367 915
367 932
367 972
367 990
367 1043
367 1068
367 1094
367 1215
367 1353
367 1362
367 1386
367 1427
367 1441
367 1507
367 1537
367 1588
367 1602
367 1698
367 1822
367 1937
367 1993
368 420
368 507
368 562
368 745
368 825
368 954
368 1348
368 1477
368 1795
368 1917
368 1977
368 1990
369 442
369 523
369 660
369 770
369 855
369 967
369 1055
369 1162
369 1382
369 1401
369 1416
369 1520
369 1603
369 1636
369 1661
369 1752
370 396
370 463
370 481
370 598
370 655
370 888
370 1025
370 1503
370 1517
370 1576
370 1712
370 1801
370 1827
371 438
371 568
371 586
371 667
371 934
371 961
371 1223
371 1629
371 1753
371 1818
371 1883
372 386
372 801
372 890
372 982
372 1541
373 440
373 507
373 551
373 671
373 678
373 806
373 895
373 988
373 989
373 1125
373 1160
373 1212
373 1376
373 1378
373 1478
373 1512
373 1552
373 1591
373 1598
373 1618
373 1645
373 1794
373 1900
373 1977
374 410
374 522
374 705
374 897
374 995
374 1002
374 1200
374 1343
374 1562
374 1655
374 1721
374 1781
374 1835
375 1246
375 1890
375 1956
376 444
376 617
376 1017
376 1278
376 1385
376 1429
377 492
377 613
377 640
377 740
377 835
377 1162
377 1331
377 1520
377 1588
377 1698
377 1711
378 436
378 513
378 554
378 650
378 699
378 724
378 1114
378 1278
378 1304
378 1428
378 1549
378 1690
378 1758
379 402
379 751
379 1002
379 1079
379 1140
379 1224
379 1239
379 1513
379 1562
379 1582
379 1630
379 1651
379 1713
379 1772
379 1877
380 387
380 404
380 520
380 560
380 782
380 1028
380 1946
380 1993
381 671
381 708
381 944
381 1088
381 1160
381 1300
381 1752
381 1771
382 480
382 518
382 885
382 1810
382 1858
383 417
383 494
383 557
383 714
383 754
383 839
383 945
383 972
383 1017
383 1176
383 1232
383 1381
383 1643
383 1869
383 1884
383 1908
383 1954
383 1975
384 637
384 797
384 999
384 1380
384 1438
384 1509
384 1748
384 1862
385 526
385 905
385 928
385 1201
385 1216
385 1226
385 1284
385 1328
385 1408
385 1451
385 1523
385 1803
386 402
386 451
386 779
386 780
386 790
386 873
386 1047
386 1191
386 1359
386 1398
386 1488
386 1513
387 413
387 661
387 916
387 1004
387 1180
387 1335
387 1485
387 1607
388 457
388 482
388 820
388 917
388 1106
388 1115
388 1219
388 1229
388 1281
388 1468
388 1501
388 1687
388 1826
389 513
389 598
389 695
389 766
389 888
389 1440
389 1954
390 441
390 859
390 892
390 996
390 1083
390 1585
390 1648
391 537
391 648
391 654
391 948
391 973
391 1164
391 1280
391 1488
391 1540
391 1619
392 716
392 822
392 1690
392 1753
392 1758
393 771
393 777
393 1184
393 1315
393 1820
394 776
394 999
394 1081
394 1234
394 1380
395 556
395 647
395 698
395 792
395 987
395 1231
395 1314
395 1436
395 1527
395 1613
395 1983
396 405
396 965
396 1198
396 1340
396 1407
396 1493
396 1801
396 1989
397 567
397 984
397 1031
397 1114
397 1142
397 1389
397 1493
397 1758
397 1941
398 403
398 440
398 583
398 641
398 764
398 767
398 1045
398 1060
398 1634
398 1684
398 1728
398 1895
399 457
399 489
399 693
399 729
399 732
399 833
399 1024
399 1048
399 1115
399 1154
399 1259
399 1305
399 1312
399 1363
399 1559
399 1628
399 1674
399 1806
400 966
400 1022
400 1278
400 1418
400 1585
400 1851
400 1855
401 625
401 782
401 807
401 1149
401 1162
401 1253
401 1670
401 1697
401 1709
402 469
402 567
402 1239
402 1358
402 1651
403 464
403 981
403 1634
403 1752
404 413
404 558
404 882
404 915
404 941
404 1044
404 1604
404 1782
404 1823
405 463
405 473
405 480
405 538
405 766
405 882
405 884
405 965
405 1016
405 1066
405 1097
405 1108
405 1133
405 1154
405 1176
405 1221
405 1301
405 1312
405 1496
405 1506
405 1615
405 1828
405 1855
405 1898
405 1989
406 472
406 519
406 626
406 790
406 841
406 970
406 1016
406 1019
406 1102
406 1109
406 1134
406 1176
406 1352
406 1368
406 1388
406 1398
406 1439
406 1453
406 1550
406 1575
406 1602
406 1643
406 1686
406 1799
406 1822
406 1825
406 1864
407 424
407 662
407 795
407 846
407 1023
407 1024
407 1082
407 1419
407 1542
407 1660
407 1765
408 458
408 536
408 550
408 552
408 590
408 629
408 644
408 729
408 741
408 762
408 811
408 847
408 931
408 1099
408 1110
408 1179
408 1182
408 1252
408 1363
408 1432
408 1515
408 1521
408 1673
408 1706
408 1734
408 1824
408 1832
408 1922
409 458
409 488
409 501
409 605
409 615
409 634
409 662
409 811
409 1043
409 1100
409 1188
409 1353
410 459
410 490
410 626
410 839
410 1002
410 1050
410 1214
410 1268
410 1514
410 1571
410 1582
410 1631
410 1744
410 1773
410 1825
410 1866
410 1884
411 506
411 538
411 598
411 626
411 1016
411 1284
411 1320
411 1383
411 1451
411 1571
411 1663
411 1904
412 653
412 745
412 806
412 1041
412 1480
412 1778
412 1917
413 663
413 769
413 1203
413 1782
413 1796
414 439
414 583
414 845
414 923
414 1045
414 1290
414 1403
414 1460
414 1837
414 1846
414 1872
414 1900
415 909
415 956
415 1018
415 1322
415 1491
416 621
416 790
416 921
416 940
416 1085
416 1192
416 1243
416 1686
416 1747
416 1802
417 447
417 567
417 591
417 766
417 790
417 807
417 824
417 835
417 947
417 954
417 1089
417 1176
417 1192
417 1250
417 1466
417 1492
417 1622
417 1670
417 1711
417 1846
417 1880
417 1900
417 1954
417 1977
418 490
418 519
418 655
418 749
418 763
418 775
418 1043
418 1076
418 1303
418 1325
418 1463
418 1576
418 1602
419 743
419 961
419 966
419 1114
419 1470
419 1696
419 1717
420 449
420 551
420 562
420 566
420 789
420 869
420 926
420 930
420 1256
420 1273
420 1591
420 1685
421 768
421 887
421 1034
421 1121
421 1597
421 1678
421 1948
422 438
422 679
422 716
422 1119
422 1525
422 1873
423 500
423 585
423 1017
423 1117
423 1225
423 1783
423 1843
423 1906
424 440
424 795
424 816
424 819
424 856
424 1166
424 1465
424 1545
424 1603
424 1666
424 1768
424 1778
424 1985
425 1072
425 1118
425 1130
425 1220
425 1253
425 1608
425 1733
425 1845
426 982
426 1018
426 1341
426 1406
426 1449
426 1870
427 510
427 595
427 698
427 767
427 855
427 1145
427 1262
427 1365
427 1371
427 1634
427 1956
428 481
428 953
428 1075
428 1183
428 1335
428 1426
429 595
429 876
429 987
429 1029
429 1126
429 1349
429 1373
429 1586
429 1762
429 1765
429 1844
430 464
430 1246
430 1374
430 1586
430 1845
431 461
431 476
431 641
431 669
431 738
431 781
431 993
431 1049
431 1271
431 1438
431 1478
431 1578
431 1925
431 1953
431 1997
432 642
432 1270
432 1454
432 1488
432 1653
432 1667
432 1755
432 1833
432 1863
432 1886
432 1965
433 794
433 1211
433 1315
433 1400
434 536
434 562
434 656
434 739
434 1191
434 1399
434 1421
434 1471
434 1494
434 1513
434 1562
434 1657
434 1672
434 1776
434 1832
435 556
435 571
435 1024
435 1175
435 1207
435 1601
435 1983
436 513
436 633
436 694
436 966
436 972
436 1053
436 1097
436 1111
436 1215
436 1297
436 1396
436 1400
436 1676
436 1703
436 1896
436 1906
436 1959
437 447
437 707
437 731
437 800
437 1131
437 1418
437 1457
437 1987
438 462
438 548
438 586
438 676
438 701
438 837
438 922
438 1193
438 1205
438 1218
438 1302
438 1375
438 1525
438 1689
438 1875
439 492
439 612
439 675
439 740
439 894
439 928
439 955
439 1405
439 1586
439 1591
439 1679
439 1935
439 1958
440 532
440 640
440 658
440 671
440 770
440 774
440 819
440 904
440 960
440 1024
440 1045
440 1056
440 1060
440 1084
440 1154
440 1175
440 1221
440 1294
440 1318
440 1435
440 1465
440 1565
440 1711
440 1752
440 1865
440 1885
440 1900
441 571
441 649
441 754
441 996
441 1066
441 1095
441 1111
441 1143
441 1366
441 1440
441 1505
441 1563
441 1565
441 1885
441 1911
441 1969
442 517
442 550
442 698
442 1023
442 1116
442 1207
442 1305
442 1363
442 1476
442 1655
442 1661
443 471
443 712
443 729
443 769
443 952
443 1043
443 1046
443 1124
443 1214
443 1326
443 1521
443 1816
443 1863
443 1886
443 1960
444 660
444 686
444 754
444 944
444 1017
444 1056
444 1752
444 1793
444 1841
445 457
445 636
445 690
445 695
445 848
445 905
445 1304
445 1610
445 1691
445 1803
445 1909
446 561
446 789
446 928
446 1200
446 1222
446 1224
446 1562
446 1800
446 1860
446 1990
447 953
447 1001
447 1317
447 1351
447 1409
447 1443
447 1457
447 1802
447 1954
448 465
448 687
448 786
448 872
448 974
448 1089
448 1149
448 1226
448 1446
448 1659
448 1709
448 1720
449 507
449 895
449 1237
449 1256
449 1978
450 1464
450 1657
451 608
451 1352
451 1653
451 1928
452 461
452 528
452 797
452 850
452 896
452 1137
452 1280
452 1373
452 1571
452 1599
452 1881
452 1902
452 1912
453 674
453 895
453 936
453 1110
453 1182
453 1376
453 1425
453 1764
453 1904
453 1997
454 554
454 563
454 583
454 948
454 981
454 1000
454 1022
454 1428
454 1599
455 488
455 895
455 939
455 1273
455 1291
455 1378
456 735
456 798
456 896
456 1272
456 1296
456 1374
456 1472
457 543
457 592
457 636
457 771
457 1012
457 1016
457 1020
457 1106
457 1118
457 1130
457 1201
457 1243
457 1284
457 1315
457 1508
457 1687
457 1702
457 1791
457 1799
458 644
458 653
458 842
458 847
458 915
458 941
458 1353
458 1583
459 478
459 491
459 624
459 723
459 727
459 879
459 995
459 1102
459 1170
459 1268
459 1370
459 1388
459 1773
459 1859
460 528
460 654
460 850
460 1027
460 1661
460 1727
460 1784
461 896
461 928
461 1000
461 1148
461 1230
461 1271
461 1524
461 1663
461 1679
461 1714
461 1944
461 1953
462 554
462 676
462 743
462 886
462 923
462 1103
462 1173
462 1233
462 1690
462 1906
463 478
463 495
463 501
463 661
463 910
463 968
463 1016
463 1043
463 1046
463 1065
463 1102
463 1115
463 1127
463 1130
463 1154
463 1155
463 1281
463 1320
463 1435
463 1538
463 1576
463 1633
463 1642
463 1712
464 1045
464 1246
464 1752
465 531
465 557
465 966
465 1061
465 1720
465 1735
465 1896
465 1911
466 536
466 725
466 748
466 1049
466 1099
466 1199
466 1566
466 1704
466 1776
467 532
467 671
467 806
467 1170
467 1268
467 1744
468 473
468 494
468 495
468 816
468 1037
468 1139
468 1148
468 1155
468 1232
468 1465
468 1518
468 1524
468 1694
468 1828
468 1885
468 1938
469 582
469 664
469 746
469 801
469 890
469 984
469 992
469 1197
469 1333
469 1550
469 1610
469 1643
469 1876
469 1880
470 555
470 978
470 1132
470 1227
470 1283
470 1762
470 1872
470 1931
471 539
471 712
471 1152
471 1556
471 1731
471 1919
471 1934
472 841
472 1039
472 1128
472 1191
472 1336
472 1398
472 1672
472 1755
472 1952
473 501
473 652
473 662
473 729
473 820
473 928
473 1319
473 1419
473 1454
473 1515
473 1524
473 1543
473 1682
473 1687
473 1757
473 1803
473 1816
473 1828
473 1935
474 735
474 810
474 1103
474 1408
474 1599
474 1614
474 1633
475 809
475 884
475 1066
475 1439
475 1520
475 1522
475 1588
475 1601
475 1822
475 1910
476 656
476 844
476 1182
476 1319
476 1478
476 1562
476 1713
476 1714
476 1734
476 1794
476 1939
477 813
477 1152
477 1234
477 1261
477 1619
477 1655
477 1744
478 498
478 539
478 611
478 663
478 672
478 712
478 723
478 879
478 884
478 887
478 896
478 899
478 1112
478 1120
478 1174
478 1270
478 1417
478 1503
478 1568
478 1571
478 1653
478 1663
478 1822
478 1968
479 540
479 551
479 653
479 706
479 895
479 980
479 1773
479 1991
480 492
480 548
480 576
480 586
480 784
480 814
480 851
480 910
480 928
480 959
480 961
480 966
480 1035
480 1097
480 1168
480 1186
480 1198
480 1226
480 1257
480 1588
480 1707
480 1720
480 1775
480 1855
480 1910
481 513
481 599
481 650
481 681
481 682
481 765
481 783
481 827
481 888
481 910
481 911
481 912
481 997
481 1141
481 1183
481 1198
481 1215
481 1286
481 1426
481 1517
481 1620
481 1769
481 1807
481 1857
481 1963
481 1987
482 586
482 665
482 676
482 704
482 736
482 891
482 917
482 968
482 1073
482 1103
482 1118
482 1184
482 1220
482 1281
482 1614
482 1753
482 1858
482 1894
483 637
483 924
483 1132
483 1244
483 1416
483 1710
483 1862
484 539
484 643
484 899
484 1109
484 1161
484 1453
484 1492
484 1640
485 634
485 732
485 901
485 1043
485 1115
485 1152
485 1195
485 1427
485 1454
485 1757
485 1863
486 571
486 816
486 935
486 1175
486 1249
486 1526
486 1694
486 1752
487 893
487 1427
487 1507
487 1878
487 1970
488 653
488 939
488 1059
488 1100
488 1465
488 1545
488 1792
489 492
489 542
489 600
489 701
489 771
489 894
489 1048
489 1052
489 1068
489 1186
489 1302
489 1441
489 1559
489 1606
489 1760
490 640
490 702
490 835
490 870
490 972
490 988
490 1007
490 1370
490 1387
490 1463
490 1537
490 1640
490 1676
490 1686
490 1740
490 1825
490 1884
490 1900
491 551
491 1112
491 1170
491 1552
491 1685
491 1866
492 601
492 625
492 803
492 851
492 894
492 910
492 1154
492 1457
492 1711
492 1837
492 1987
493 555
493 753
493 804
493 1081
493 1329
493 1437
493 1462
493 1902
494 807
494 870
494 929
494 945
494 1043
494 1076
494 1124
494 1148
494 1162
494 1217
494 1344
494 1372
494 1381
494 1401
494 1489
494 1518
494 1633
494 1676
494 1701
494 1757
494 1993
495 601
495 729
495 878
495 1080
495 1110
495 1112
495 1127
495 1154
495 1166
495 1382
495 1416
495 1465
495 1489
495 1498
495 1574
495 1924
496 728
496 791
496 1017
496 1650
496 1677
496 1923
497 594
497 655
497 734
497 806
497 866
497 1264
497 1478
497 1930
497 1947
498 519
498 898
498 1014
498 1112
498 1127
498 1134
498 1325
498 1353
498 1731
498 1833
498 1886
498 1968
499 592
499 1052
499 1186
499 1218
499 1279
499 1358
499 1630
499 1651
499 1689
499 1702
499 1882
499 1910
499 1914
500 585
500 716
500 755
500 854
500 923
500 985
500 1096
500 1375
500 1569
500 1625
500 1690
500 1730
501 644
501 811
501 955
501 1270
501 1935
502 758
502 1415
502 1605
502 1732
502 1947
503 569
503 644
503 958
503 1239
503 1408
503 1485
503 1562
503 1714
503 1922
504 555
504 719
504 1234
504 1533
504 1635
504 1744
504 1746
504 1750
504 1975
505 593
505 612
505 862
505 894
505 956
505 968
505 1184
505 1195
505 1205
505 1394
505 1538
505 1782
505 1813
505 1875
506 513
506 554
506 563
506 787
506 997
506 1016
506 1168
506 1255
506 1354
506 1485
506 1633
506 1676
506 1686
506 1719
506 1791
506 1801
506 1855
507 597
507 895
507 1241
507 1348
507 1465
507 1722
508 551
508 562
508 579
508 702
508 708
508 817
508 877
508 908
508 990
508 1070
508 1170
508 1212
508 1343
508 1416
508 1480
508 1492
508 1507
508 1516
508 1603
508 1622
508 1640
508 1710
508 1744
508 1773
508 1795
508 1924
509 510
509 922
509 1307
509 1487
509 1689
510 595
510 876
510 892
510 1593
510 1671
510 1815
511 584
511 714
511 877
511 1176
511 1276
511 1615
511 1641
511 1744
511 1825
512 696
512 790
512 841
512 1147
512 1191
512 1230
512 1317
512 1345
512 1437
512 1466
512 1566
512 1776
512 1933
512 1980
513 598
513 599
513 682
513 886
513 961
513 1075
513 1289
513 1297
513 1340
513 1496
513 1855
514 695
514 796
514 987
514 1535
514 1909
514 1931
515 623
515 799
515 810
515 1121
515 1948
516 842
516 1229
516 1295
516 1468
516 1478
516 1598
516 1630
516 1683
516 1713
516 1785
517 552
517 733
517 952
517 1078
517 1179
517 1214
517 1276
517 1540
517 1615
517 1631
517 1661
517 1898
518 928
518 1073
518 1433
518 1485
518 1559
518 1779
518 1791
518 1804
518 1858
519 626
519 775
519 804
519 899
519 951
519 1082
519 1388
520 593
520 616
520 890
520 1028
520 1134
520 1479
520 1550
520 1604
520 1616
520 1854
521 549
521 721
521 853
521 908
521 977
521 1292
521 1419
521 1480
521 1681
521 1872
522 669
522 715
522 778
522 1050
522 1459
522 1497
522 1748
522 1939
523 756
523 819
523 855
523 1066
523 1154
523 1166
523 1305
523 1366
523 1520
523 1590
524 632
524 650
524 679
524 827
524 1461
524 1503
524 1581
524 1605
524 1663
524 1743
524 1780
524 1873
525 1169
525 1189
525 1429
525 1509
525 1527
525 1636
525 1840
526 771
526 928
526 1257
526 1501
526 1687
526 1760
526 1798
526 1950
527 539
527 610
527 700
527 734
527 831
527 1150
527 1217
527 1266
527 1481
527 1697
527 1822
527 1937
528 535
528 797
528 892
528 1000
528 1164
528 1280
528 1314
528 1613
528 1639
528 1671
528 1703
528 1727
528 1751
528 1906
529 540
529 702
529 1093
529 1244
529 1425
529 1566
530 589
530 599
530 721
530 773
530 785
530 821
530 907
530 910
530 977
530 1066
530 1092
530 1104
530 1113
530 1133
530 1212
530 1516
530 1522
530 1642
530 1709
530 1720
530 1911
531 760
531 1549
531 1677
531 1716
532 774
532 806
532 960
532 1064
532 1174
532 1266
532 1393
532 1413
532 1453
532 1540
532 1778
532 1822
533 632
533 790
533 823
533 1136
533 1194
533 1299
533 1368
533 1817
533 1940
534 613
534 917
534 976
534 1198
534 1215
534 1245
534 1247
534 1468
534 1588
534 1607
534 1894
535 598
535 704
535 891
535 924
535 1000
535 1027
535 1156
535 1648
535 1955
536 590
536 656
536 748
536 931
536 1494
537 593
537 850
537 887
537 1138
537 1316
537 1336
537 1398
537 1488
537 1511
537 1647
537 1674
537 1731
537 1822
537 1847
537 1916
537 1919
538 587
538 598
538 652
538 666
538 690
538 695
538 892
538 924
538 987
538 990
538 1058
538 1280
538 1307
538 1320
538 1373
538 1407
538 1416
538 1475
538 1527
538 1540
538 1585
538 1636
538 1855
538 1898
539 564
539 574
539 610
539 643
539 700
539 750
539 788
539 1004
539 1120
539 1538
539 1934
540 955
540 977
540 1146
540 1200
540 1516
540 1991
541 543
541 841
541 1012
541 1085
541 1368
541 1513
541 1541
541 1988
542 693
542 851
542 1101
542 1167
542 1186
542 1375
542 1400
542 1430
542 1434
542 1675
542 1959
543 560
543 1028
543 1085
543 1157
543 1332
543 1368
543 1560
543 1799
543 1940
544 551
544 579
544 799
544 802
544 867
544 926
544 994
544 1859
545 1298
545 1377
545 1513
545 1566
545 1817
545 1860
545 1944
546 589
546 609
546 637
546 1425
546 1438
546 1700
546 1871
546 1911
547 813
547 970
547 1332
547 1616
547 1647
547 1674
547 1864
547 1878
548 701
548 851
548 886
548 961
548 1470
548 1815
549 721
549 773
549 817
549 860
549 1181
549 1480
549 1502
549 1583
549 1727
549 1848
550 774
550 1060
550 1296
550 1363
550 1405
550 1413
550 1464
550 1721
550 1734
550 1784
550 1958
551 826
551 857
551 867
551 881
551 994
551 1054
551 1589
551 1591
551 1618
551 1773
551 1795
551 1866
551 1978
552 662
552 847
552 1515
552 1661
552 1839
553 768
553 789
553 802
553 926
553 1513
553 1877
554 587
554 766
554 1193
554 1248
554 1278
554 1294
554 1372
554 1676
554 1898
554 1900
554 1929
555 791
555 828
555 936
555 978
555 1026
555 1077
555 1081
555 1416
555 1574
555 1787
556 698
556 1393
557 836
557 1169
557 1209
557 1301
557 1338
557 1869
557 1896
558 777
558 882
558 910
558 1051
558 1213
558 1506
558 1555
558 1688
558 1741
558 1796
558 1797
558 1813
558 1857
559 564
559 638
559 642
559 673
559 810
559 880
559 1032
559 1223
559 1303
559 1441
559 1606
559 1653
559 1818
560 687
560 785
560 912
560 914
560 1113
560 1157
560 1215
560 1274
560 1823
560 1946
561 612
561 701
561 845
561 1205
561 1222
561 1236
561 1298
561 1443
561 1742
561 1804
561 1827
561 1860
562 706
562 748
562 789
562 790
562 808
562 895
562 909
562 970
562 990
562 1079
562 1085
562 1222
562 1322
562 1332
562 1386
562 1513
562 1587
562 1654
562 1776
562 1827
562 1924
562 1977
563 1012
563 1165
563 1599
563 1791
564 700
564 1203
564 1427
564 1653
564 1833
564 1854
564 1947
565 633
565 654
565 889
565 900
565 957
565 1034
565 1239
565 1676
565 1922
565 1944
566 749
566 1054
566 1065
566 1256
566 1322
566 1538
566 1561
567 576
567 632
567 696
567 761
567 790
567 793
567 1079
567 1142
567 1245
567 1288
567 1337
567 1358
567 1389
567 1439
567 1485
567 1581
567 1607
567 1719
567 1880
567 1910
567 1994
567 1995
568 614
568 636
568 690
568 701
568 820
568 843
568 871
568 889
568 928
568 942
568 961
568 963
568 1058
568 1258
568 1289
568 1501
568 1523
568 1595
568 1606
568 1621
568 1702
568 1717
568 1818
568 1856
568 1860
568 1914
568 1944
569 729
569 782
569 890
569 906
569 1028
569 1124
569 1129
569 1296
569 1379
569 1408
569 1543
569 1559
569 1610
569 1760
569 1832
569 1958
570 1028
570 1127
570 1130
570 1353
570 1687
570 1935
570 1993
571 987
571 1023
571 1207
571 1419
571 1425
571 1505
571 1519
571 1526
571 1682
571 1931
572 626
572 666
572 965
572 1046
572 1196
572 1214
572 1352
572 1415
572 1712
572 1898
572 1981
573 588
573 1090
573 1341
573 1564
573 1842
574 832
574 949
574 1109
574 1134
574 1555
574 1937
575 810
575 840
575 986
575 1335
575 1798
576 588
576 965
576 1086
576 1198
576 1355
576 1607
576 1800
577 589
577 609
577 783
577 814
577 910
577 932
577 955
577 1230
577 1567
577 1950
578 617
578 885
578 974
578 1389
578 1880
579 753
579 802
579 804
579 841
579 1002
579 1042
579 1202
579 1321
579 1388
579 1402
579 1488
579 1513
579 1566
579 1658
579 1755
579 1766
579 1859
579 1921
579 1970
579 1991
579 1998
580 1130
580 1246
580 1306
580 1392
580 1558
580 1633
580 1791
580 1950
581 919
581 1694
581 1768
581 1840
582 664
582 746
582 951
582 1042
582 1081
582 1308
582 1467
582 1488
582 1539
582 1569
582 1754
583 697
583 978
583 1013
583 1038
583 1271
583 1466
583 1679
583 1900
584 596
584 727
584 915
584 1217
584 1489
584 1498
584 1698
585 1011
585 1020
585 1118
585 1240
585 1677
585 1730
585 1830
586 606
586 672
586 679
586 755
586 810
586 862
586 894
586 928
586 934
586 1032
586 1103
586 1186
586 1216
586 1224
586 1229
586 1375
586 1383
586 1580
586 1651
586 1663
586 1683
586 1798
586 1858
587 728
587 743
587 766
587 787
587 1058
587 1585
587 1648
587 1717
587 1923
588 959
588 1341
588 1607
588 1849
589 977
589 1438
589 1567
589 1725
590 1285
590 1321
590 1617
590 1640
590 1706
591 599
591 684
591 872
591 953
591 972
591 1070
591 1089
591 1094
591 1161
591 1183
591 1208
591 1297
591 1341
591 1492
591 1579
591 1740
591 1994
592 693
592 704
592 1106
592 1143
592 1279
592 1430
592 1496
592 1882
592 1920
592 1955
593 654
593 805
593 890
593 894
593 957
593 1048
593 1580
593 1919
593 1934
593 1958
593 1986
594 608
594 618
594 624
594 655
594 879
594 884
594 970
594 1133
594 1159
594 1236
594 1352
594 1448
594 1522
594 1736
594 1827
595 641
595 696
595 715
595 747
595 809
595 814
595 833
595 1000
595 1033
595 1163
595 1230
595 1235
595 1293
595 1373
595 1634
595 1733
595 1844
595 1910
596 769
596 915
596 1134
596 1537
596 1547
596 1825
596 1934
597 671
597 1088
597 1123
597 1465
597 1480
597 1572
597 1795
597 1978
598 922
598 1193
598 1307
598 1496
598 1696
598 1703
598 1712
598 1887
598 1955
599 689
599 910
599 953
599 965
599 972
599 985
599 1066
599 1095
599 1105
599 1340
599 1355
599 1403
599 1439
599 1467
599 1567
599 1686
599 1712
599 1775
599 1797
599 1837
599 1888
599 1954
600 829
600 1129
600 1201
600 1220
600 1328
600 1431
600 1434
600 1506
600 1559
600 1596
601 623
601 910
601 1148
601 1489
601 1698
601 1760
601 1769
602 900
602 1090
602 1203
602 1204
602 1260
602 1474
602 1621
602 1818
603 646
603 687
603 801
603 982
603 1282
603 1315
603 1333
603 1449
603 1508
604 1143
604 1165
604 1306
604 1392
604 1648
604 1927
605 659
605 662
605 741
605 901
605 958
605 1922
606 672
606 890
606 959
606 986
606 1062
606 1184
606 1223
606 1302
606 1362
606 1678
606 1705
606 1760
606 1798
606 1960
607 698
607 722
607 760
607 796
607 1015
607 1023
607 1246
607 1750
607 1765
607 1931
608 620
608 879
608 1332
608 1368
608 1388
608 1513
608 1653
608 1817
609 891
609 924
609 1058
609 1220
609 1230
609 1235
609 1328
609 1599
609 1608
609 1700
609 1912
610 653
610 748
610 980
610 1112
610 1537
610 1640
610 1924
611 659
611 662
611 672
611 740
611 778
611 788
611 846
611 896
611 928
611 962
611 995
611 1052
611 1130
611 1296
611 1353
611 1468
611 1588
611 1601
611 1702
611 1760
611 1806
611 1826
611 1990
612 788
612 829
612 845
612 1129
612 1130
612 1538
612 1741
612 1958
613 835
613 1111
613 1206
613 1215
613 1301
613 1455
613 1456
613 1506
613 1612
613 1831
613 1911
613 1987
614 667
614 669
614 858
614 942
614 1116
614 1171
614 1251
614 1258
614 1295
614 1327
614 1652
614 1742
614 1852
614 1911
614 1997
615 795
615 811
615 847
615 1336
616 878
616 1331
616 1394
616 1489
616 1646
616 1701
616 1842
616 1986
617 937
617 971
617 1143
617 1677
617 1793
617 1918
618 700
618 748
618 831
618 1090
618 1263
618 1322
618 1448
619 808
619 832
619 861
619 970
619 989
620 1313
620 1332
620 1604
620 1763
620 1772
620 1823
620 1883
620 1928
621 1011
621 1118
621 1157
621 1190
621 1876
622 721
622 785
622 1176
622 1439
622 1837
622 1880
622 1943
623 910
623 997
623 1127
623 1134
623 1172
623 1537
623 1591
623 1686
624 839
624 884
624 1170
624 1176
624 1208
624 1387
624 1388
624 1492
624 1998
625 747
625 935
625 1022
625 1040
625 1144
625 1154
625 1162
625 1165
625 1373
625 1559
625 1599
625 1633
625 1752
625 1855
626 1076
626 1127
626 1401
626 1416
626 1514
626 1589
626 1656
626 1686
626 1712
626 1773
626 1904
627 685
627 821
627 977
627 1222
627 1246
627 1267
627 1283
627 1872
628 782
628 1001
628 1005
628 1058
628 1075
628 1255
628 1257
628 1306
628 1506
628 1810
628 1831
628 1855
628 1942
628 1966
629 654
629 875
629 1115
629 1363
629 1432
629 1568
629 1965
630 632
630 823
630 945
630 1247
630 1517
630 1652
630 1676
630 1981
631 773
631 907
631 951
631 1042
631 1511
631 1542
631 1616
631 1970
632 668
632 687
632 838
632 1337
632 1426
632 1485
632 1517
632 1743
633 654
633 951
633 1158
633 1313
633 1383
633 1580
633 1883
634 973
634 1043
634 1122
634 1390
634 1584
635 809
635 918
635 1063
635 1210
635 1324
635 1520
635 1546
635 1634
636 822
636 1005
636 1073
636 1136
636 1147
636 1171
636 1201
636 1289
636 1596
636 1600
636 1753
636 1940
637 924
637 1438
637 1534
637 1636
637 1901
638 1168
638 1501
638 1517
638 1812
638 1818
638 1963
639 656
639 842
639 895
639 1513
639 1584
639 1713
639 1988
640 732
640 770
640 988
640 1043
640 1154
640 1162
640 1266
640 1390
640 1498
640 1615
640 1631
640 1697
640 1892
641 647
641 756
641 764
641 767
641 948
641 1139
641 1164
641 1221
641 1231
641 1271
641 1293
641 1319
641 1366
641 1505
641 1751
641 1828
642 659
642 810
642 842
642 863
642 1229
642 1597
642 1833
643 734
643 748
643 758
643 1204
643 1260
643 1411
643 1461
643 1503
643 1531
643 1827
644 955
644 957
644 1021
644 1270
644 1391
644 1741
644 1757
644 1922
644 1958
644 1965
645 791
645 1033
645 1074
645 1144
645 1209
645 1310
645 1373
645 1407
645 1418
645 1723
645 1801
645 1851
645 1904
646 687
646 716
646 902
646 1011
646 1211
646 1730
646 1879
647 669
647 677
647 1045
647 1163
647 1221
647 1290
647 1305
647 1366
647 1419
648 739
648 813
648 1377
648 1513
648 1647
648 1654
649 660
649 792
649 1318
649 1475
649 1565
649 1636
650 651
650 687
650 716
650 790
650 836
650 990
650 1025
650 1135
650 1136
650 1171
650 1215
650 1245
650 1282
650 1407
650 1493
650 1575
650 1652
650 1723
650 1747
650 1758
650 1873
650 1933
651 911
651 1039
651 1081
651 1182
651 1191
651 1310
651 1445
651 1832
651 1933
651 1945
652 924
652 1244
652 1280
652 1515
652 1534
652 1543
652 1613
652 1832
652 1881
652 1983
653 895
653 1059
653 1110
653 1217
653 1404
653 1480
653 1618
653 1924
653 1934
654 672
654 834
654 890
654 948
654 968
654 1000
654 1027
654 1099
654 1103
654 1293
654 1296
655 673
655 839
655 945
655 946
655 1025
655 1043
655 1215
655 1582
655 1654
655 1703
655 1827
656 811
656 895
656 1049
656 1285
656 1794
657 817
657 878
657 978
657 1003
657 1013
657 1069
657 1132
657 1145
657 1261
657 1416
657 1420
657 1573
657 1655
657 1699
657 1848
657 1850
658 795
658 948
658 1024
658 1060
658 1390
658 1584
658 1639
658 1913
659 799
659 867
659 871
659 875
659 894
659 1021
659 1034
659 1229
659 1275
659 1353
659 1367
659 1441
659 1454
659 1591
659 1597
659 1598
659 1687
659 1702
659 1824
659 1922
659 1968
660 754
660 1177
660 1636
660 1908
661 880
661 1124
661 1129
661 1172
661 1184
661 1281
661 1335
661 1409
661 1506
661 1538
661 1738
661 1993
662 712
662 729
662 756
662 901
662 1024
662 1152
662 1296
662 1319
662 1465
662 1615
663 751
663 1203
663 1417
663 1555
663 1556
663 1806
664 722
664 1012
664 1015
664 1020
664 1107
664 1190
664 1196
664 1677
664 1805
664 1973
665 843
665 1356
665 1501
665 1718
665 1858
665 1897
666 790
666 965
666 984
666 1008
666 1086
666 1351
666 1407
666 1643
666 1719
666 1954
667 716
667 805
667 1629
667 1652
667 1683
667 1879
668 711
668 1485
668 1605
668 1732
668 1812
668 1981
669 778
669 830
669 928
669 977
669 1200
669 1290
669 1478
669 1578
669 1683
669 1720
669 1804
669 1821
669 1852
670 1095
670 1328
670 1395
670 1625
670 1700
670 1871
671 708
671 714
671 964
671 1177
671 1480
671 1618
671 1865
672 968
672 1034
672 1331
672 1410
672 1568
672 1588
672 1651
672 1883
673 773
673 842
673 915
673 1215
673 1303
673 1517
673 1531
673 1612
673 1652
673 1823
674 733
674 895
674 952
674 1042
674 1050
674 1329
674 1533
674 1645
674 1654
674 1667
674 1886
674 1939
675 698
675 701
675 829
675 846
675 851
675 908
675 928
675 987
675 990
675 1068
675 1116
675 1147
675 1163
675 1171
675 1222
675 1230
675 1246
675 1328
675 1375
675 1419
675 1433
675 1486
675 1535
675 1586
675 1821
675 1950
675 1956
676 726
676 743
676 766
676 1106
676 1108
676 1118
676 1250
676 1431
676 1596
676 1753
676 1920
677 767
677 1045
677 1565
677 1821
678 806
678 960
678 1123
678 1264
678 1291
678 1378
678 1514
678 1656
678 1978
679 716
679 755
679 1173
679 1198
679 1780
679 1807
680 783
680 843
680 909
680 1003
680 1573
680 1857
680 1860
681 716
681 765
681 815
681 927
681 985
681 1286
681 1718
681 1790
682 694
682 1086
682 1758
682 1963
683 1602
683 1796
683 1849
683 1937
684 794
684 959
684 1420
684 1775
684 1880
684 1982
684 1994
685 1015
685 1147
685 1190
685 1246
685 1403
685 1888
685 1967
686 724
686 731
686 864
686 874
686 1056
686 1242
686 1300
686 1460
686 1539
686 1711
686 1767
686 1793
686 1837
687 782
687 785
687 800
687 801
687 838
687 902
687 912
687 974
687 1010
687 1304
687 1442
687 1493
687 1709
687 1747
687 1874
687 1880
687 1941
687 1966
688 1069
688 1099
688 1309
688 1438
688 1706
688 1848
688 1930
689 693
689 752
689 942
689 985
689 1167
689 1286
689 1467
689 1569
689 1606
690 848
690 875
690 1114
690 1280
690 1312
690 1445
690 1619
690 1655
690 1671
690 1702
690 1717
691 730
691 978
691 981
691 1017
691 1117
691 1254
692 865
692 1102
692 1112
692 1166
692 1210
692 1369
692 1469
692 1520
692 1632
692 1642
692 1698
692 1778
692 1822
692 1892
692 1916
692 1917
693 1066
693 1305
693 1312
693 1671
693 1727
693 1959
694 880
694 1031
694 1190
694 1196
694 1215
694 1409
694 1758
694 1861
694 1867
694 1981
694 1995
695 935
695 1005
695 1074
695 1243
695 1440
695 1510
695 1715
695 1787
695 1855
695 1885
695 1909
696 736
696 984
696 1033
696 1145
696 1271
696 1317
696 1466
697 705
697 781
697 864
697 978
697 1038
697 1834
697 1903
698 737
698 796
698 797
698 846
698 855
698 925
698 987
698 1023
698 1029
698 1262
698 1287
698 1305
698 1405
698 1540
698 1610
698 1671
698 1691
698 1748
698 1781
699 822
699 1171
699 1428
699 1675
699 1690
699 1959
700 882
700 884
700 1090
700 1179
700 1260
700 1331
700 1441
700 1555
700 1556
700 1824
700 1842
700 1905
701 771
701 834
701 845
701 905
701 928
701 1000
701 1052
701 1163
701 1193
701 1443
701 1457
701 1596
701 1671
701 1675
701 1779
701 1852
701 1914
701 1955
701 1992
702 828
702 835
702 1040
702 1058
702 1076
702 1162
702 1258
702 1409
702 1416
702 1516
702 1566
702 1573
702 1704
702 1884
702 1911
702 1949
703 828
703 870
703 1080
703 1102
703 1104
703 1166
703 1516
703 1589
703 1633
703 1686
704 820
704 843
704 968
704 1012
704 1027
704 1143
704 1155
704 1233
704 1496
704 1505
704 1644
704 1651
704 1727
704 1828
705 1081
705 1361
705 1460
705 1754
706 980
706 1057
706 1080
706 1463
706 1544
706 1695
706 1740
706 1924
707 966
707 1061
707 1198
707 1245
708 897
708 1242
708 1343
708 1711
708 1795
708 1808
708 1949
708 1977
708 1998
709 1061
709 1095
709 1105
709 1696
709 1809
709 1867
709 1941
710 805
710 889
710 901
710 1179
710 1406
710 1702
710 1749
710 1870
710 1976
711 789
711 808
711 861
711 997
711 1007
711 1183
711 1194
711 1485
711 1561
711 1740
712 1417
712 1816
713 725
713 941
713 1357
713 1476
713 1542
713 1853
714 1041
714 1067
714 1176
714 1177
714 1189
714 1217
714 1221
714 1343
714 1453
714 1478
714 1480
714 1908
715 993
715 1438
715 1497
715 1557
715 1699
716 726
716 815
716 927
716 943
716 976
716 992
716 1011
716 1101
716 1119
716 1171
716 1173
716 1282
716 1375
716 1530
716 1690
716 1753
716 1843
716 1876
716 1879
716 1894
716 1962
717 964
717 1154
717 1206
717 1301
717 1338
717 1382
717 1497
717 1642
717 1669
717 1865
717 1943
717 1964
718 1070
718 1109
718 1315
718 1560
718 1658
718 1799
719 1077
719 1338
719 1509
719 1750
719 1768
719 1964
720 1170
720 1452
720 1546
720 1693
720 1710
720 1859
720 1862
720 1998
721 754
721 964
721 1066
721 1176
721 1177
721 1369
721 1670
721 1808
722 760
722 1027
722 1107
722 1293
722 1428
722 1750
722 1906
723 738
723 778
723 899
723 1050
723 1478
723 1522
723 1532
723 1552
723 1642
723 1669
724 760
724 886
724 971
724 1111
724 1278
724 1659
724 1815
725 748
725 977
725 1116
725 1222
725 1258
725 1476
725 1491
725 1704
725 1741
726 903
726 1119
726 1240
726 1250
726 1570
726 1593
726 1894
727 1303
727 1387
727 1463
727 1507
727 1626
727 1738
727 1773
728 971
728 1095
728 1475
729 878
729 882
729 941
729 958
729 1115
729 1152
729 1445
729 1476
729 1494
729 1617
729 1646
729 1655
729 1687
729 1741
729 1760
729 1824
729 1832
729 1889
729 1960
730 978
730 1015
730 1071
730 1145
730 1649
730 1677
730 1830
731 874
731 1061
731 1095
731 1457
731 1837
731 1992
732 1024
732 1116
732 1152
732 1390
732 1556
732 1601
732 1806
733 1023
733 1084
733 1435
733 1462
733 1533
733 1540
733 1750
733 1913
733 1957
734 748
734 989
734 1079
734 1187
734 1203
734 1215
734 1260
734 1274
734 1396
734 1456
734 1478
734 1575
734 1995
735 804
735 850
735 1012
735 1027
735 1277
735 1372
735 1488
735 1584
735 1668
735 1988
736 954
736 1250
736 1473
736 1607
736 1680
736 1826
736 1876
736 1894
736 1980
737 876
737 918
737 1029
737 1287
737 1869
738 778
738 896
738 1042
738 1512
738 1754
738 1761
738 1859
739 920
739 1128
739 1654
739 1672
740 846
740 1063
740 1093
740 1112
740 1331
740 1353
740 1405
740 1609
740 1771
741 1390
741 1556
741 1824
742 1234
742 1336
742 1380
742 1511
742 1542
742 1669
742 1693
742 1939
743 843
743 891
743 1156
743 1235
743 1356
743 1717
744 1087
744 1150
744 1266
744 1336
744 1413
745 825
745 988
745 1036
745 1273
745 1378
745 1381
745 1654
745 1704
745 1884
745 1892
745 1917
746 1002
746 1214
746 1339
746 1420
746 1629
746 1655
746 1763
746 1766
746 1772
746 1960
747 833
747 852
747 885
747 1228
747 1379
747 1558
747 1559
747 1733
747 1891
748 758
748 861
748 866
748 895
748 952
748 980
748 989
748 1007
748 1179
748 1256
748 1263
748 1322
748 1326
748 1348
748 1397
748 1415
748 1491
748 1640
748 1749
748 1853
749 895
749 988
749 1043
749 1065
749 1273
749 1325
749 1386
749 1397
749 1641
750 788
750 896
750 898
750 1121
750 1272
750 1331
750 1481
750 1609
750 1698
750 1916
751 896
751 1002
751 1062
751 1122
751 1195
751 1202
751 1390
751 1482
751 1697
751 1806
751 1960
751 1972
752 759
752 951
752 972
752 1427
752 1569
753 1214
753 1244
753 1280
753 1377
753 1416
753 1437
753 1566
753 1655
753 1661
754 1162
754 1177
754 1251
754 1635
754 1670
754 1848
754 1911
755 793
755 923
755 1290
755 1467
755 1581
755 1683
755 1775
756 797
756 878
756 904
756 1100
756 1305
756 1316
756 1465
756 1482
756 1615
756 1661
756 1727
756 1828
756 1845
756 1986
757 777
757 890
757 1016
757 1053
757 1097
757 1109
757 1159
757 1168
757 1315
757 1653
757 1736
757 1854
757 1965
758 789
758 1237
758 1256
758 1561
758 1947
759 815
759 1215
759 1282
759 1286
759 1313
759 1427
760 859
760 1262
760 1278
760 1300
760 1536
760 1565
760 1677
760 1735
760 1752
760 1996
761 885
761 974
761 1089
761 1455
761 1688
761 1797
761 1982
761 1994
762 936
762 1067
762 1081
762 1182
762 1583
762 1655
762 1706
762 1848
763 824
763 869
763 946
763 1019
763 1076
763 1273
763 1518
763 1643
763 1868
763 1884
764 795
764 811
764 816
764 948
764 981
764 1049
764 1099
764 1100
764 1230
764 1292
764 1309
764 1347
764 1419
764 1435
764 1462
764 1472
764 1524
764 1526
764 1528
764 1692
764 1728
764 1792
764 1899
764 1912
765 783
765 1171
765 1926
765 1950
766 940
766 971
766 1106
766 1136
766 1143
766 1193
766 1226
766 1243
766 1281
766 1297
766 1304
766 1337
766 1354
766 1506
766 1596
766 1644
766 1803
767 978
767 1023
767 1438
767 1565
767 1592
768 799
768 802
768 887
768 950
768 1229
768 1239
768 1488
768 1553
768 1663
768 1713
768 1714
768 1948
769 915
769 1159
769 1417
769 1646
769 1705
769 1947
770 1084
770 1520
770 1552
770 1632
771 803
771 905
771 1168
771 1315
771 1430
771 1501
771 1707
771 1791
771 1897
771 1950
772 797
772 918
772 1029
772 1137
772 1210
772 1349
772 1458
772 1892
772 1903
773 810
773 842
773 895
773 909
773 977
773 1042
773 1267
773 1467
773 1491
773 1683
773 1727
773 1991
773 1997
774 989
774 1098
774 1179
774 1217
774 1396
774 1492
774 1579
774 1603
774 1711
775 790
775 863
775 895
775 1025
775 1241
775 1403
775 1415
775 1435
775 1467
775 1576
775 1581
775 1900
776 836
776 925
776 999
776 1475
776 1509
776 1540
776 1635
776 1975
777 917
777 1168
777 1184
777 1474
777 1782
777 1796
778 962
778 995
778 1295
778 1512
778 1542
778 1598
779 802
779 841
779 896
779 954
779 1140
779 1477
779 1826
780 810
780 873
780 1473
780 1637
780 1807
781 1723
781 1903
781 1933
782 803
782 807
782 808
782 882
782 885
782 890
782 959
782 990
782 1070
782 1149
782 1211
782 1243
782 1297
782 1315
782 1379
782 1433
782 1485
782 1820
782 1855
782 1880
783 911
783 1267
783 1567
783 1933
784 1089
784 1176
784 1200
784 1208
784 1343
784 1516
784 1720
784 1797
785 1098
785 1105
785 1133
785 1168
785 1274
785 1517
785 1575
785 1612
785 1720
785 1736
785 1801
785 1987
786 803
786 933
786 1536
786 1709
787 1040
787 1058
787 1144
787 1354
787 1356
787 1510
787 1523
788 1021
788 1152
788 1311
788 1427
788 1698
788 1760
788 1958
789 879
789 1224
789 1237
789 1561
789 1582
789 1605
789 1626
789 1663
789 1773
789 1817
789 1827
790 869
790 954
790 990
790 1136
790 1142
790 1147
790 1191
790 1341
790 1351
790 1415
790 1602
790 1605
790 1643
790 1876
791 874
791 1026
791 1373
791 1459
791 1475
791 1497
791 1635
791 1851
791 1908
791 1943
792 892
792 1151
792 1262
792 1307
792 1314
792 1385
792 1969
793 1119
793 1250
793 1350
793 1358
793 1525
793 1689
793 1730
793 1858
793 1876
794 848
794 852
794 885
794 1114
794 1297
794 1304
794 1500
795 798
795 804
795 1100
795 1402
795 1462
795 1546
795 1668
796 1045
796 1535
796 1536
796 1665
796 1684
796 1885
796 1938
797 855
797 918
797 924
797 999
797 1137
797 1230
797 1231
797 1414
797 1437
797 1462
797 1540
797 1546
797 1661
797 1684
797 1845
797 1862
798 856
798 929
798 981
798 1349
798 1401
798 1546
798 1765
798 1895
798 1925
799 896
799 926
799 973
799 1014
799 1121
799 1122
799 1488
799 1591
799 1847
799 1968
799 1974
800 803
800 1426
800 1442
800 1747
800 1987
801 823
801 890
801 1772
801 1973
802 844
802 1047
802 1713
802 1766
802 1773
802 1785
802 1972
803 1165
803 1226
803 1243
803 1457
803 1510
803 1820
803 1897
803 1927
804 841
804 1014
804 1082
804 1668
804 1754
804 1988
805 956
805 1116
805 1179
805 1233
805 1375
805 1491
805 1580
805 1629
805 1727
805 1986
806 826
806 866
806 970
806 989
806 1041
806 1453
806 1532
806 1547
806 1654
806 1930
806 1934
807 1094
807 1394
807 1485
807 1489
807 1538
807 1591
807 1633
807 1977
808 1070
808 1085
808 1183
808 1322
808 1455
808 1541
808 1560
808 1769
809 849
809 1029
809 1546
809 1601
809 1639
809 1891
809 1892
810 894
810 910
810 934
810 955
810 957
810 986
810 1467
810 1479
810 1488
810 1606
810 1614
810 1807
810 1813
810 1944
810 1948
810 1991
811 1060
811 1178
811 1277
811 1285
811 1319
811 1435
811 1584
811 1792
811 1832
812 933
812 1104
812 1153
812 1253
812 1446
812 1648
812 1709
812 1723
812 1747
812 1893
813 1039
813 1152
813 1197
813 1332
813 1445
813 1619
813 1654
813 1667
813 1736
813 1965
814 843
814 928
814 1148
814 1235
814 1701
814 1707
814 1828
814 1936
814 1956
815 1215
815 1362
815 1926
815 1962
816 828
816 935
816 1162
816 1166
816 1238
816 1253
816 1366
816 1419
816 1486
816 1692
816 1885
816 1890
816 1892
817 881
817 908
817 909
817 1261
817 1375
817 1502
817 1573
817 1680
817 1875
818 1142
818 1218
818 1358
818 1422
818 1525
818 1984
819 849
819 1366
819 1429
819 1512
819 1565
819 1996
820 889
820 901
820 1115
820 1155
820 1289
820 1496
821 1104
821 1131
821 1206
821 1267
821 1769
821 1888
821 1926
821 1987
822 942
822 1020
822 1171
822 1412
822 1758
822 1805
823 945
823 1124
823 1368
823 1411
823 1461
823 1643
823 1764
824 868
824 1191
824 1405
824 1421
824 1466
824 1610
824 1721
824 1803
824 1945
825 1104
825 1373
825 1378
825 1562
825 1656
825 1835
826 1054
826 1256
826 1463
826 1572
826 1640
826 1934
826 1978
827 965
827 997
827 1141
827 1194
827 1461
828 1403
828 1567
828 1802
828 1884
829 878
829 882
829 956
829 1116
829 1305
829 1433
829 1742
829 1850
830 1063
830 1116
830 1200
830 1217
830 1586
830 1765
830 1925
830 1958
830 1986
831 970
831 1348
831 1386
831 1547
832 970
832 1109
832 1322
832 1853
833 878
833 904
833 968
833 1108
833 1118
833 1154
833 1293
833 1410
833 1628
833 1936
834 848
834 889
834 1048
834 1091
834 1116
834 1315
834 1619
834 1757
834 1882
835 877
835 1176
835 1387
835 1506
835 1602
835 1607
835 1738
836 946
836 992
836 1209
836 1407
836 1540
836 1575
836 1643
836 1691
837 843
837 905
837 922
837 1216
837 1487
837 1696
837 1856
838 974
838 1297
838 1389
838 1756
838 1873
839 972
839 1043
839 1214
839 1444
839 1492
839 1703
839 1712
839 1744
839 1975
840 1335
840 1501
840 1606
840 1915
841 868
841 1012
841 1107
841 1437
841 1452
841 1546
841 1622
841 1658
841 1799
841 1980
842 863
842 895
842 901
842 1182
842 1332
842 1583
842 1598
842 1667
842 1749
843 858
843 927
843 961
843 1058
843 1216
843 1233
843 1328
843 1356
843 1375
843 1430
843 1431
843 1487
843 1573
843 1600
843 1625
843 1718
843 1927
844 931
844 994
844 1714
844 1721
844 1734
844 1773
844 1953
845 908
845 1013
845 1200
845 1258
845 1492
845 1846
845 1850
845 1852
845 1875
845 1949
846 1052
846 1068
846 1357
846 1410
846 1546
846 1666
846 1765
846 1799
846 1822
847 1078
847 1152
847 1336
847 1402
847 1667
847 1755
848 852
848 905
848 1053
848 1103
848 1186
848 1312
848 1315
848 1408
848 1559
848 1855
848 1882
848 1959
849 1029
849 1151
849 1262
849 1666
849 1670
849 1711
849 1844
849 1918
849 1996
850 1252
850 1363
850 1401
850 1661
850 1972
851 854
851 943
851 1066
851 1262
851 1355
851 1375
851 1424
851 1927
851 1956
851 1969
852 1035
852 1091
852 1108
852 1211
852 1558
852 1855
852 1909
853 1030
853 1181
853 1309
853 1419
853 1548
853 1821
854 943
854 1554
854 1775
854 1837
855 892
855 1074
855 1151
855 1249
855 1373
855 1486
855 1666
855 1787
855 1932
856 1374
856 1666
856 1752
856 1765
856 1788
856 1890
856 1996
857 1088
857 1241
857 1323
857 1378
857 1545
857 1978
858 1092
858 1573
858 1625
858 1627
858 1699
858 1871
858 1891
858 1911
859 892
859 1017
859 1175
859 1527
859 1565
859 1768
859 1869
859 1985
860 1042
860 1177
860 1261
860 1402
860 1533
860 1681
860 1848
861 879
861 1007
861 1065
861 1370
861 1397
861 1587
861 1812
862 956
862 1203
862 1259
862 1423
862 1580
862 1813
862 1858
863 901
863 1406
863 1467
863 1861
864 978
864 1460
864 1557
864 1634
864 1767
865 898
865 1059
865 1112
865 1150
865 1481
865 1490
865 1656
865 1746
866 879
866 895
866 1174
866 1263
866 1268
866 1291
866 1391
866 1582
867 881
867 995
867 1146
867 1387
867 1598
867 1721
867 1785
868 906
868 1622
868 1819
869 954
869 1019
869 1275
869 1473
869 1591
869 1605
870 1381
870 1463
870 1507
870 1572
870 1641
870 1746
870 1866
871 875
871 928
871 934
871 955
871 1168
871 1172
871 1595
871 1664
871 1965
872 991
872 1079
872 1098
872 1297
872 1340
872 1389
872 1493
872 1579
872 1815
872 1896
873 1313
873 1398
873 1602
873 1952
874 892
874 1475
874 1495
875 1000
875 1115
875 1193
875 1320
875 1408
875 1454
875 1471
875 1553
875 1714
875 1721
875 1803
875 1832
876 892
876 987
876 1665
877 882
877 1054
877 1070
877 1161
877 1176
877 1322
877 1456
877 1617
877 1640
877 1921
878 882
878 968
878 1003
878 1069
878 1099
878 1199
878 1220
878 1230
878 1331
878 1345
878 1379
878 1482
878 1828
879 970
879 1065
879 1477
879 1582
879 1626
879 1685
879 1990
880 914
880 917
880 1016
880 1136
880 1201
880 1203
880 1215
880 1255
880 1451
880 1506
880 1602
880 1614
880 1796
880 1963
881 894
881 930
881 1013
881 1387
881 1991
881 1998
882 956
882 959
882 990
882 1179
882 1203
882 1322
882 1341
882 1420
882 1456
882 1474
882 1493
882 1506
882 1538
882 1579
882 1615
882 1628
882 1697
882 1842
882 1870
882 1960
883 921
883 940
883 953
883 965
883 1213
883 1341
883 1351
883 1506
883 1971
883 1981
884 1052
884 1097
884 1193
884 1352
884 1441
884 1454
884 1639
884 1653
884 1703
884 1822
884 1898
885 886
885 974
885 1111
885 1143
885 1149
885 1233
885 1279
885 1297
885 1455
885 1559
885 1628
885 1810
885 1910
885 1927
886 1111
886 1307
886 1440
886 1810
886 1837
886 1855
886 1987
887 957
887 1270
887 1568
887 1847
888 945
888 1135
888 1144
888 1620
888 1633
888 1954
889 1219
889 1233
889 1621
889 1638
889 1676
889 1757
889 1965
889 1976
890 1012
890 1103
890 1124
890 1158
890 1184
890 1233
890 1239
890 1315
890 1479
890 1488
890 1541
890 1658
890 1701
890 1942
890 1960
890 1965
891 905
891 1000
891 1103
891 1235
891 1510
891 1696
892 983
892 1066
892 1104
892 1151
892 1307
892 1318
892 1373
892 1457
892 1495
892 1613
892 1648
892 1671
892 1711
892 1808
892 1869
892 1954
893 1258
893 1303
893 1450
893 1516
893 1606
893 1745
893 1991
894 923
894 930
894 932
894 1000
894 1062
894 1173
894 1220
894 1331
894 1375
894 1394
894 1441
894 1473
894 1591
894 1599
894 1639
895 977
895 1049
895 1065
895 1237
895 1291
895 1411
895 1435
895 1478
895 1480
895 1764
896 1009
896 1014
896 1140
896 1270
896 1361
896 1477
896 1488
896 1546
896 1639
896 1754
896 1859
896 1916
896 1972
897 1405
897 1421
897 1737
897 1781
897 1866
897 1998
898 1009
898 1112
898 1609
898 1722
899 962
899 1439
899 1503
899 1581
899 1712
899 1754
900 968
900 1034
900 1046
900 1506
900 1621
900 1644
900 1687
900 1798
900 1813
900 1942
900 1944
900 1960
901 1024
901 1115
901 1435
901 1583
901 1584
901 1702
901 1727
902 1010
902 1171
902 1185
902 1433
902 1504
902 1742
902 1836
903 947
903 1052
903 1106
903 1282
903 1468
903 1951
904 923
904 1024
904 1045
904 1593
904 1727
905 1328
905 1342
905 1510
905 1523
905 1696
905 1955
906 1070
906 1463
906 1617
906 1658
907 972
907 988
907 1206
907 1212
907 1381
907 1507
907 1542
907 1612
907 1669
907 1725
908 1132
908 1200
908 1222
908 1710
908 1781
908 1821
908 1872
909 930
909 1003
909 1157
909 1205
909 1222
909 1224
909 1267
909 1332
909 1350
909 1375
909 1479
909 1491
909 1616
909 1695
909 1823
909 1876
910 955
910 990
910 1058
910 1094
910 1168
910 1335
910 1516
910 1587
910 1606
910 1633
910 1718
910 1950
911 955
911 1289
911 1403
911 1780
911 1807
911 1860
911 1940
912 1355
912 1620
912 1857
912 1940
912 1966
913 973
913 1014
913 1272
913 1336
913 1347
913 1731
913 1902
914 969
914 1168
914 1255
914 1257
914 1335
914 1874
914 1946
915 1004
915 1043
915 1078
915 1120
915 1179
915 1303
915 1397
916 1134
916 1325
916 1386
916 1602
917 1032
917 1053
917 1075
917 1337
917 1474
917 1496
917 1506
917 1607
917 1696
918 1634
918 1869
919 939
919 1694
919 1788
919 1841
920 1244
920 1380
920 1693
920 1744
920 1862
921 953
921 1076
921 1255
921 1602
921 1686
921 1740
921 1946
921 1993
922 1383
922 1470
922 1955
923 1173
923 1250
923 1467
923 1502
923 1539
923 1759
923 1837
923 1875
923 1900
924 987
924 1230
924 1231
924 1249
924 1349
924 1526
924 1529
924 1828
924 1901
925 999
925 1395
925 1459
925 1460
925 1691
925 1748
926 1477
926 1513
927 963
927 1530
927 1625
928 955
928 1073
928 1148
928 1200
928 1284
928 1290
928 1543
928 1663
928 1757
928 1760
928 1780
928 1800
929 932
929 981
929 1100
929 1137
929 1599
929 1845
929 1925
930 1224
930 1298
930 1448
930 1473
931 1047
931 1182
931 1191
931 1415
931 1566
931 1721
931 1755
931 1889
932 1059
932 1068
932 1100
932 1230
932 1267
932 1353
932 1481
932 1502
932 1546
932 1725
932 1980
933 1165
933 1446
933 1650
934 1034
934 1168
934 1553
934 1664
934 1789
934 1948
935 1253
935 1373
935 1733
935 1912
936 1110
936 1364
936 1416
936 1480
936 1533
936 1848
936 1884
936 1908
937 974
937 1143
937 1245
937 1340
937 1446
937 1563
937 1747
938 1142
938 1159
938 1204
938 1485
938 1664
938 1827
939 1189
939 1480
939 1514
939 1589
939 1840
939 1866
940 965
940 1142
940 1867
940 1941
941 1028
941 1152
941 1202
941 1332
941 1353
941 1544
941 1604
941 1741
941 1806
941 1924
942 963
942 1095
942 1290
942 1308
942 1569
942 1625
942 1992
943 1101
943 1171
943 1198
943 1340
943 1355
943 1627
943 1716
943 1987
944 1242
944 1429
944 1499
944 1752
944 1768
944 1865
945 946
945 1037
945 1076
945 1125
945 1133
945 1135
945 1215
945 1418
945 1451
945 1478
945 1764
945 1867
945 1904
945 1911
946 1037
946 1209
946 1264
946 1518
946 1945
946 1951
946 1975
947 1052
947 1106
947 1236
947 1250
947 1333
947 1352
947 1358
947 1443
947 1623
947 1799
947 1826
948 1000
948 1012
948 1248
948 1505
948 1519
948 1524
948 1885
949 969
949 1094
949 1194
949 1322
949 1326
949 1341
950 958
950 1122
950 1203
950 1239
950 1423
950 1662
950 1960
951 972
951 1082
951 1313
951 1467
951 1550
951 1763
952 1187
952 1214
952 1264
952 1276
952 1339
952 1476
952 1654
952 1853
953 1072
953 1075
953 1113
953 1335
953 1409
953 1607
954 1102
954 1241
954 1281
954 1622
954 1723
954 1738
954 1740
954 1773
954 1826
954 1884
955 977
955 1353
955 1403
955 1739
955 1741
955 1832
956 1108
956 1211
956 1375
956 1431
956 1870
956 1879
957 1239
957 1391
957 1580
957 1813
957 1976
958 1115
958 1127
958 1203
958 1432
958 1714
958 1833
959 969
959 1094
959 1257
959 1360
959 1588
959 1760
959 1820
959 1842
960 1175
960 1401
960 1514
960 1631
960 1750
960 1839
961 1114
961 1168
961 1360
961 1400
961 1430
961 1496
961 1797
961 1857
962 1082
962 1290
962 1459
962 1468
962 1569
962 1754
962 1882
963 1282
963 1286
963 1780
964 1102
964 1154
964 1170
964 1176
964 1622
964 1746
964 1835
965 1086
965 1105
965 1133
965 1341
965 1352
965 1576
965 1581
965 1686
965 1867
966 1058
966 1061
966 1226
966 1235
966 1284
966 1307
966 1342
966 1383
966 1457
966 1470
966 1487
966 1696
966 1810
966 1910
966 1914
966 1969
967 1330
967 1509
967 1603
967 1631
967 1744
968 1000
968 1072
968 1108
968 1115
968 1130
968 1184
968 1195
968 1474
968 1558
968 1718
968 1727
969 1094
969 1168
969 1203
969 1274
969 1360
969 1441
969 1485
969 1555
969 1688
969 1854
969 1994
970 1134
970 1170
970 1357
970 1386
970 1452
970 1490
970 1522
970 1547
970 1616
970 1647
970 1654
970 1656
970 1672
970 1685
970 1708
970 1822
970 1853
970 1917
971 1288
971 1389
971 1677
971 1758
971 1809
971 1989
972 1082
972 1208
972 1215
972 1502
972 1577
972 1759
972 1896
973 1188
973 1454
973 1518
973 1524
973 1847
974 991
974 1245
975 996
975 1095
975 1155
975 1209
975 1232
975 1288
975 1444
975 1712
976 1031
976 1101
976 1247
976 1282
976 1400
977 1049
977 1222
977 1403
977 1419
977 1425
977 1542
977 1939
978 999
978 1081
978 1145
978 1230
978 1271
978 1428
978 1438
978 1502
978 1567
978 1592
978 1700
978 1848
978 1901
978 1933
979 1201
979 1226
979 1297
979 1360
979 1688
979 1820
980 1019
980 1054
980 1326
981 1038
981 1230
981 1246
981 1254
981 1277
981 1372
981 1528
981 1649
981 1890
982 1315
982 1560
983 1022
983 1055
983 1318
983 1752
983 1851
984 1001
984 1003
984 1008
984 1308
984 1317
984 1530
984 1805
984 1876
984 1942
985 1092
985 1625
985 1718
986 1062
986 1094
986 1122
986 1325
986 1739
986 1774
986 1915
987 1008
987 1132
987 1207
987 1249
987 1284
987 1328
987 1371
987 1395
987 1436
987 1786
987 1931
987 1955
987 1969
988 1537
988 1547
988 1552
988 1704
989 1054
989 1348
989 1456
989 1492
989 1538
989 1642
989 1977
990 1058
990 1179
990 1193
990 1212
990 1230
990 1243
990 1372
990 1375
990 1435
990 1488
990 1540
990 1591
990 1663
990 1702
990 1711
990 1822
990 1832
990 1910
991 1245
991 1493
991 1500
991 1628
991 1756
991 1994
992 1530
992 1691
992 1716
992 1951
992 1962
993 1000
993 1013
993 1098
993 1376
993 1438
993 1699
993 1761
993 1852
993 1997
994 1737
994 1794
994 1974
995 1146
995 1200
995 1795
995 1859
995 1990
996 1055
996 1209
996 1278
996 1635
996 1750
996 1851
997 1007
997 1368
997 1686
997 1769
998 1438
998 1464
998 1603
998 1710
998 1925
999 1901
1000 1013
1000 1193
1000 1230
1000 1298
1000 1317
1000 1320
1000 1383
1000 1457
1000 1558
1000 1639
1000 1944
1001 1008
1001 1095
1001 1355
1001 1385
1001 1412
1001 1831
1001 1880
1001 1966
1001 1969
1002 1261
1002 1343
1002 1651
1002 1754
1002 1766
1002 1998
1003 1010
1003 1298
1003 1345
1003 1445
1003 1493
1003 1742
1003 1831
1003 1933
1003 1942
1003 1997
1004 1094
1004 1161
1004 1531
1004 1538
1004 1842
1004 1854
1005 1058
1005 1131
1005 1243
1005 1384
1005 1412
1005 1600
1006 1106
1006 1158
1006 1218
1006 1219
1006 1279
1006 1297
1006 1315
1007 1215
1007 1448
1007 1461
1007 1537
1007 1582
1007 1676
1007 1764
1007 1981
1008 1147
1008 1483
1008 1610
1008 1786
1009 1270
1009 1361
1009 1518
1009 1722
1009 1886
1010 1071
1010 1145
1010 1157
1010 1379
1010 1909
1010 1933
1011 1118
1011 1508
1011 1747
1011 1836
1011 1843
1012 1016
1012 1107
1012 1243
1012 1488
1012 1614
1012 1644
1012 1828
1012 1973
1013 1298
1013 1466
1013 1492
1013 1566
1013 1589
1013 1710
1013 1721
1013 1949
1013 1953
1013 1998
1014 1059
1014 1202
1014 1353
1014 1902
1014 1988
1015 1081
1015 1610
1015 1677
1016 1046
1016 1136
1016 1168
1016 1196
1016 1203
1016 1248
1016 1368
1016 1496
1016 1575
1016 1653
1017 1117
1017 1135
1017 1372
1017 1444
1017 1677
1017 1768
1017 1783
1017 1841
1017 1908
1017 1954
1018 1322
1018 1332
1018 1560
1018 1726
1018 1749
1018 1870
1019 1046
1019 1080
1019 1102
1019 1112
1019 1685
1019 1868
1020 1196
1020 1333
1020 1508
1020 1569
1020 1677
1020 1783
1021 1062
1021 1121
1021 1311
1021 1427
1021 1537
1021 1555
1021 1678
1021 1741
1021 1824
1022 1083
1022 1165
1022 1384
1022 1457
1022 1752
1022 1885
1022 1890
1023 1060
1023 1081
1023 1319
1023 1346
1023 1419
1023 1462
1023 1565
1023 1681
1023 1939
1024 1052
1024 1207
1024 1598
1025 1135
1025 1294
1025 1327
1025 1435
1025 1444
1025 1652
1025 1899
1026 1318
1026 1320
1026 1376
1026 1475
1026 1712
1026 1802
1026 1900
1026 1954
1026 1975
1027 1103
1027 1140
1027 1278
1027 1651
1027 1754
1027 1882
1028 1134
1028 1353
1028 1357
1028 1799
1028 1958
1029 1405
1029 1586
1029 1819
1029 1892
1030 1117
1030 1225
1030 1246
1030 1254
1030 1447
1030 1768
1030 1821
1030 1872
1031 1167
1031 1400
1031 1607
1031 1823
1031 1876
1031 1928
1031 1971
1032 1053
1032 1186
1032 1229
1032 1400
1032 1441
1032 1770
1033 1245
1033 1310
1033 1530
1033 1894
1033 1933
1034 1441
1034 1553
1034 1638
1034 1883
1034 1905
1034 1968
1035 1108
1035 1186
1035 1487
1035 1689
1035 1707
1035 1718
1036 1269
1036 1744
1036 1795
1036 1835
1036 1866
1036 1892
1037 1232
1037 1418
1037 1585
1038 1254
1038 1292
1038 1710
1038 1872
1039 1107
1039 1138
1039 1234
1039 1336
1039 1575
1039 1667
1040 1086
1040 1144
1040 1686
1040 1888
1041 1123
1041 1217
1041 1381
1041 1512
1041 1572
1041 1708
1041 1930
1041 1964
1042 1107
1042 1212
1042 1295
1042 1339
1042 1402
1042 1488
1042 1511
1042 1667
1042 1668
1042 1713
1042 1761
1042 1811
1042 1939
1042 1997
1043 1100
1043 1120
1043 1195
1043 1435
1043 1498
1043 1518
1043 1538
1043 1615
1043 1641
1044 1109
1044 1213
1044 1303
1044 1341
1044 1544
1044 1602
1044 1695
1044 1823
1044 1946
1045 1419
1046 1127
1046 1159
1046 1326
1046 1687
1046 1816
1046 1968
1047 1406
1047 1415
1047 1766
1048 1315
1048 1646
1048 1674
1048 1976
1049 1292
1049 1329
1049 1776
1050 1187
1050 1209
1050 1478
1050 1509
1050 1571
1050 1631
1050 1645
1050 1904
1051 1606
1051 1621
1051 1813
1051 1814
1051 1870
1051 1976
1052 1207
1052 1236
1052 1593
1052 1639
1052 1671
1052 1702
1052 1711
1053 1103
1053 1461
1053 1676
1053 1696
1054 1102
1054 1538
1054 1641
1054 1738
1055 1084
1055 1169
1055 1232
1055 1238
1055 1366
1055 1750
1055 1752
1055 1869
1056 1189
1056 1294
1056 1444
1056 1865
1056 1943
1056 1985
1057 1202
1057 1359
1057 1513
1057 1544
1058 1095
1058 1148
1058 1155
1058 1172
1058 1328
1058 1351
1058 1451
1058 1457
1058 1506
1058 1676
1058 1696
1058 1911
1058 1944
1059 1353
1059 1574
1059 1591
1059 1722
1059 1771
1059 1924
1060 1178
1060 1319
1060 1405
1060 1413
1060 1519
1060 1794
1060 1913
1060 1935
1061 1095
1061 1775
1062 1331
1062 1362
1062 1537
1062 1555
1063 1064
1063 1316
1063 1324
1063 1336
1063 1405
1063 1469
1063 1520
1063 1601
1064 1112
1064 1174
1064 1217
1064 1264
1064 1316
1064 1465
1064 1518
1064 1731
1064 1778
1064 1838
1064 1839
1064 1868
1065 1102
1065 1133
1065 1368
1065 1576
1065 1587
1065 1764
1066 1072
1066 1143
1066 1154
1066 1340
1066 1419
1066 1565
1066 1579
1066 1727
1067 1179
1067 1251
1067 1420
1067 1439
1067 1444
1067 1453
1067 1652
1067 1848
1067 1930
1068 1362
1068 1577
1068 1745
1068 1760
1068 1926
1068 1950
1069 1365
1069 1382
1069 1438
1069 1456
1069 1476
1070 1622
1070 1658
1070 1740
1071 1649
1071 1747
1071 1836
1071 1933
1072 1113
1072 1130
1072 1143
1072 1306
1072 1457
1072 1506
1072 1579
1072 1588
1072 1820
1072 1993
1073 1129
1073 1130
1073 1281
1073 1535
1073 1543
1073 1596
1074 1077
1074 1131
1074 1338
1074 1636
1074 1691
1074 1715
1074 1787
1075 1255
1075 1297
1075 1696
1075 1810
1076 1409
1076 1451
1076 1602
1076 1773
1076 1981
1077 1346
1077 1364
1077 1592
1077 1636
1077 1768
1078 1179
1078 1388
1078 1402
1078 1417
1078 1822
1078 1853
1079 1180
1079 1274
1079 1343
1079 1350
1079 1455
1079 1478
1079 1485
1079 1493
1079 1522
1079 1562
1079 1630
1079 1697
1079 1709
1079 1723
1079 1740
1079 1801
1079 1804
1079 1827
1079 1910
1079 1977
1080 1241
1080 1345
1080 1463
1080 1576
1080 1686
1080 1889
1081 1082
1081 1234
1081 1346
1081 1403
1081 1459
1081 1460
1081 1610
1081 1655
1081 1832
1081 1939
1082 1234
1082 1353
1082 1403
1082 1502
1082 1542
1082 1583
1082 1660
1082 1799
1083 1175
1083 1373
1083 1585
1083 1750
1083 1885
1083 1923
1083 1983
1084 1318
1084 1645
1084 1869
1084 1957
1084 1975
1085 1125
1085 1157
1085 1243
1085 1622
1085 1709
1086 1288
1086 1409
1086 1769
1086 1855
1086 1888
1087 1266
1087 1316
1087 1481
1087 1546
1087 1916
1088 1374
1088 1499
1088 1795
1089 1149
1089 1192
1089 1226
1089 1888
1089 1982
1090 1161
1090 1260
1090 1341
1090 1352
1090 1415
1090 1971
1091 1211
1091 1233
1091 1701
1091 1891
1092 1718
1093 1099
1093 1110
1093 1162
1093 1296
1093 1425
1093 1458
1093 1464
1093 1692
1093 1762
1093 1765
1094 1183
1094 1335
1094 1538
1094 1739
1094 1849
1094 1915
1094 1937
1095 1308
1095 1412
1095 1475
1095 1563
1095 1625
1095 1700
1095 1802
1095 1867
1095 1911
1096 1395
1096 1475
1096 1530
1096 1625
1096 1699
1097 1208
1097 1297
1097 1396
1097 1580
1097 1701
1097 1757
1097 1842
1098 1193
1098 1212
1098 1294
1098 1478
1098 1492
1098 1612
1098 1652
1098 1809
1098 1852
1098 1887
1099 1110
1099 1116
1099 1162
1099 1179
1099 1230
1099 1272
1099 1293
1099 1331
1099 1390
1099 1402
1099 1566
1099 1599
1099 1661
1099 1848
1099 1925
1099 1997
1100 1137
1100 1166
1100 1916
1101 1167
1102 1176
1102 1370
1102 1480
1102 1516
1102 1589
1102 1641
1102 1642
1102 1738
1102 1884
1102 1917
1103 1280
1103 1543
1103 1599
1103 1855
1103 1906
1103 1929
1103 1942
1104 1166
1104 1376
1104 1381
1104 1633
1104 1642
1104 1768
1104 1801
1104 1808
1104 1954
1104 1977
1105 1141
1105 1168
1105 1196
1105 1719
1105 1759
1105 1775
1105 1809
1105 1941
1105 1994
1106 1218
1106 1312
1106 1621
1106 1644
1106 1717
1107 1140
1107 1267
1107 1546
1107 1575
1107 1668
1107 1933
1107 1951
1108 1312
1108 1431
1109 1208
1109 1341
1109 1370
1109 1388
1109 1658
1109 1736
1110 1112
1110 1252
1110 1323
1110 1401
1110 1574
1110 1792
1110 1839
1111 1207
1111 1735
1111 1969
1112 1331
1112 1489
1112 1518
1112 1537
1112 1552
1112 1591
1112 1685
1112 1822
1112 1824
1112 1847
1112 1979
1113 1180
1113 1335
1113 1709
1114 1193
1114 1304
1114 1400
1114 1420
1114 1493
1114 1675
1114 1770
1114 1815
1114 1910
1115 1312
1115 1408
1115 1474
1115 1568
1115 1606
1115 1662
1115 1976
1116 1162
1116 1179
1116 1207
1116 1251
1116 1258
1116 1419
1116 1559
1116 1601
1116 1757
1116 1891
1116 1958
1117 1246
1117 1548
1117 1830
1117 1967
1118 1157
1118 1211
1118 1220
1118 1228
1118 1235
1118 1240
1118 1243
1118 1375
1118 1424
1118 1434
1118 1535
1118 1600
1118 1680
1118 1897
1118 1906
1118 1909
1118 1920
1118 1936
1119 1245
1119 1689
1120 1174
1120 1266
1120 1916
1121 1537
1121 1847
1122 1202
1122 1538
1122 1766
1122 1877
1122 1960
1123 1189
1123 1330
1123 1382
1123 1465
1123 1499
1123 1512
1123 1865
1124 1134
1124 1172
1124 1463
1124 1643
1124 1654
1124 1676
1124 1886
1124 1929
1124 1934
1124 1965
1125 1172
1125 1344
1125 1376
1125 1578
1125 1654
1125 1764
1125 1802
1125 1885
1125 1893
1125 1911
1126 1235
1126 1246
1126 1535
1126 1923
1127 1134
1127 1656
1128 1191
1128 1437
1128 1643
1129 1130
1129 1184
1129 1201
1129 1760
1129 1820
1130 1253
1130 1296
1130 1419
1130 1687
1130 1950
1131 1171
1131 1283
1131 1412
1131 1418
1131 1486
1131 1627
1131 1831
1131 1911
1131 1933
1132 1416
1132 1781
1133 1176
1133 1322
1133 1368
1133 1478
1133 1489
1133 1517
1133 1769
1134 1159
1134 1368
1134 1489
1134 1934
1135 1372
1135 1747
1135 1843
1135 1893
1135 1904
1135 1967
1136 1281
1136 1337
1136 1753
1136 1758
1136 1818
1136 1874
1136 1963
1137 1188
1137 1405
1137 1518
1137 1528
1137 1679
1137 1902
1137 1932
1138 1313
1138 1398
1138 1575
1139 1318
1139 1319
1139 1373
1139 1401
1139 1465
1139 1694
1139 1792
1139 1838
1139 1957
1140 1468
1140 1503
1140 1713
1140 1723
1140 1754
1140 1951
1140 1988
1141 1168
1141 1198
1141 1247
1141 1873
1142 1193
1142 1317
1142 1352
1142 1443
1142 1525
1142 1605
1142 1724
1142 1827
1142 1873
1142 1971
1143 1243
1143 1278
1143 1304
1143 1440
1143 1536
1143 1590
1143 1648
1143 1659
1143 1670
1143 1709
1143 1733
1143 1907
1143 1910
1143 1918
1143 1920
1143 1927
1144 1440
1144 1709
1144 1801
1144 1911
1144 1987
1145 1365
1145 1379
1145 1466
1145 1504
1145 1610
1145 1680
1145 1787
1145 1829
1145 1880
1145 1909
1146 1353
1146 1399
1146 1507
1146 1542
1146 1693
1146 1970
1147 1171
1147 1185
1147 1222
1147 1258
1147 1355
1147 1403
1147 1443
1147 1483
1147 1610
1147 1745
1147 1799
1147 1800
1147 1829
1147 1846
1147 1876
1147 1940
1148 1172
1148 1373
1148 1418
1148 1457
1148 1486
1148 1578
1148 1923
1148 1993
1149 1306
1149 1579
1149 1590
1149 1701
1149 1711
1149 1735
1150 1311
1150 1336
1150 1353
1150 1481
1150 1734
1150 1824
1151 1287
1151 1844
1152 1336
1152 1482
1152 1498
1152 1919
1152 1958
1153 1253
1153 1484
1153 1648
1153 1670
1153 1677
1153 1788
1153 1793
1153 1808
1153 1841
1153 1949
1153 1996
1154 1166
1154 1243
1154 1373
1154 1401
1154 1686
1154 1697
1154 1801
1154 1822
1154 1885
1154 1895
1154 1935
1154 1943
1154 1993
1155 1209
1155 1281
1155 1435
1155 1571
1155 1676
1155 1764
1155 1884
1155 1885
1155 1912
1156 1314
1156 1436
1156 1585
1157 1267
1157 1680
1158 1216
1158 1223
1158 1233
1158 1239
1158 1297
1158 1408
1158 1553
1158 1580
1158 1644
1158 1662
1159 1352
1159 1796
1159 1947
1159 1968
1160 1378
1160 1382
1160 1484
1160 1704
1160 1723
1160 1752
1160 1771
1160 1977
1161 1439
1161 1474
1161 1492
1161 1531
1161 1607
1162 1344
1162 1486
1162 1603
1162 1704
1162 1735
1162 1752
1162 1891
1162 1892
1162 1911
1163 1287
1163 1342
1163 1675
1163 1689
1163 1707
1163 1729
1163 1804
1163 1844
1163 1907
1163 1910
1164 1293
1164 1316
1164 1639
1164 1838
1164 1869
1165 1228
1165 1243
1165 1650
1165 1791
1165 1923
1166 1253
1166 1808
1166 1932
1167 1333
1167 1355
1167 1814
1167 1876
1168 1193
1168 1354
1168 1441
1168 1696
1168 1789
1168 1874
1169 1232
1169 1585
1169 1636
1170 1334
1170 1490
1170 1507
1170 1669
1170 1693
1170 1744
1170 1746
1170 1822
1171 1327
1171 1570
1171 1627
1171 1691
1171 1742
1171 1780
1171 1786
1171 1836
1171 1926
1171 1933
1171 1967
1172 1320
1172 1451
1172 1591
1172 1802
1173 1205
1173 1247
1173 1267
1173 1367
1173 1473
1173 1807
1173 1894
1173 1951
1173 1987
1174 1179
1174 1268
1174 1435
1174 1556
1174 1571
1174 1601
1174 1731
1175 1373
1175 1378
1175 1414
1175 1527
1175 1752
1175 1892
1176 1208
1176 1301
1176 1416
1176 1439
1176 1489
1176 1520
1176 1708
1177 1212
1177 1300
1177 1565
1177 1603
1177 1681
1177 1985
1178 1361
1178 1465
1178 1728
1178 1734
1179 1217
1179 1396
1179 1415
1179 1435
1179 1556
1179 1640
1179 1652
1179 1676
1179 1898
1179 1930
1179 1934
1179 1947
1180 1386
1180 1448
1180 1522
1180 1588
1180 1607
1180 1823
1180 1990
1181 1225
1181 1727
1182 1445
1182 1652
1182 1667
1182 1997
1183 1194
1183 1215
1183 1297
1183 1455
1183 1531
1183 1827
1183 1849
1184 1431
1184 1820
1184 1936
1185 1433
1186 1312
1186 1606
1186 1789
1186 1914
1187 1266
1187 1575
1187 1612
1187 1825
1188 1458
1188 1518
1188 1974
1188 1979
1189 1232
1189 1416
1189 1444
1189 1465
1189 1514
1189 1527
1189 1744
1189 1841
1189 1985
1190 1267
1190 1467
1190 1614
1190 1805
1190 1843
1190 1861
1190 1876
1190 1888
1190 1906
1191 1832
1191 1889
1191 1952
1192 1446
1192 1590
1193 1218
1193 1248
1193 1297
1193 1441
1193 1474
1193 1492
1193 1553
1193 1663
1193 1696
1193 1703
1193 1770
1193 1809
1193 1818
1193 1827
1193 1873
1193 1910
1194 1341
1194 1461
1194 1817
1195 1259
1195 1362
1195 1482
1195 1579
1195 1639
1195 1701
1195 1727
1195 1960
1196 1575
1196 1712
1196 1719
1196 1758
1196 1989
1196 1995
1197 1619
1197 1643
1197 1864
1197 1965
1198 1245
1198 1775
1198 1780
1198 1987
1199 1322
1199 1345
1199 1494
1199 1776
1200 1258
1200 1773
1200 1953
1201 1408
1201 1606
1201 1614
1201 1745
1201 1814
1201 1926
1202 1513
1202 1657
1202 1924
1203 1204
1203 1326
1203 1423
1203 1474
1203 1485
1203 1538
1203 1561
1203 1663
1203 1732
1203 1743
1203 1796
1203 1854
1203 1947
1203 1995
1204 1326
1204 1664
1205 1224
1205 1350
1205 1525
1205 1827
1205 1875
1205 1879
1205 1984
1206 1381
1206 1578
1206 1704
1206 1735
1206 1993
1207 1296
1207 1559
1207 1752
1207 1765
1207 1882
1207 1898
1208 1370
1208 1937
1209 1338
1209 1364
1209 1635
1209 1642
1209 1723
1209 1884
1209 1892
1209 1911
1210 1469
1210 1546
1210 1903
1211 1315
1211 1375
1211 1394
1211 1433
1211 1730
1211 1858
1211 1897
1212 1242
1212 1295
1212 1438
1212 1456
1212 1478
1212 1509
1212 1512
1212 1565
1212 1603
1212 1636
1212 1669
1212 1768
1212 1821
1212 1911
1212 1930
1212 1939
1213 1341
1213 1812
1213 1857
1214 1388
1214 1415
1214 1643
1214 1655
1215 1247
1215 1267
1215 1313
1215 1461
1215 1575
1215 1602
1215 1823
1215 1926
1216 1226
1216 1383
1216 1451
1216 1595
1216 1644
1216 1798
1217 1348
1217 1401
1217 1465
1217 1478
1217 1489
1217 1572
1217 1603
1217 1618
1217 1631
1217 1697
1217 1734
1217 1773
1217 1925
1217 1934
1217 1972
1217 1986
1218 1229
1218 1553
1218 1623
1218 1638
1218 1702
1218 1789
1218 1856
1218 1984
1219 1229
1219 1239
1219 1315
1219 1358
1219 1423
1219 1485
1219 1501
1219 1630
1219 1858
1219 1976
1220 1394
1220 1506
1220 1599
1220 1614
1220 1687
1220 1828
1221 1248
1221 1278
1221 1319
1221 1396
1221 1435
1221 1478
1221 1527
1221 1565
1221 1581
1221 1615
1221 1910
1222 1357
1222 1776
1222 1804
1223 1302
1223 1360
1223 1606
1223 1662
1223 1883
1225 1240
1225 1502
1225 1592
1225 1660
1225 1768
1225 1896
1225 1906
1226 1257
1226 1297
1226 1874
1226 1927
1227 1438
1227 1611
1227 1762
1228 1235
1228 1791
1228 1810
1228 1897
1229 1422
1229 1423
1229 1568
1229 1595
1229 1624
1229 1663
1229 1678
1229 1702
1229 1785
1230 1379
1230 1438
1230 1486
1230 1546
1230 1574
1230 1634
1230 1649
1230 1679
1230 1710
1230 1762
1230 1776
1230 1832
1230 1903
1230 1933
1231 1527
1231 1528
1232 1416
1232 1585
1232 1975
1233 1259
1233 1279
1233 1302
1233 1431
1233 1559
1233 1651
1233 1676
1233 1701
1233 1858
1234 1336
1235 1284
1235 1342
1235 1371
1235 1608
1235 1751
1235 1906
1235 1923
1236 1332
1236 1357
1236 1598
1236 1630
1236 1977
1236 1990
1237 1404
1237 1411
1237 1816
1237 1868
1238 1374
1238 1472
1238 1750
1238 1784
1238 1892
1238 1957
1239 1359
1239 1485
1240 1447
1240 1627
1240 1680
1240 1894
1241 1463
1241 1465
1241 1722
1241 1773
1241 1868
1241 1900
1241 1929
1242 1495
1242 1512
1242 1557
1242 1711
1242 1761
1242 1865
1243 1253
1243 1281
1243 1372
1243 1535
1243 1590
1243 1622
1243 1649
1243 1677
1243 1747
1243 1885
1243 1923
1243 1993
1244 1416
1244 1534
1245 1310
1245 1337
1245 1716
1245 1873
1245 1910
1246 1372
1246 1392
1246 1419
1246 1535
1246 1543
1246 1613
1246 1765
1246 1872
1246 1890
1246 1906
1246 1931
1246 1967
1247 1260
1247 1367
1247 1441
1247 1461
1247 1759
1247 1873
1247 1971
1248 1411
1248 1435
1248 1453
1248 1816
1249 1371
1249 1486
1249 1590
1249 1648
1249 1752
1249 1923
1250 1394
1250 1593
1250 1680
1250 1730
1250 1846
1250 1875
1250 1876
1251 1548
1251 1848
1251 1850
1252 1521
1252 1847
1252 1902
1253 1374
1253 1484
1253 1590
1254 1309
1254 1438
1254 1594
1254 1768
1255 1451
1255 1485
1256 1348
1256 1934
1257 1335
1257 1506
1257 1798
1258 1403
1258 1415
1258 1566
1258 1573
1258 1629
1258 1655
1258 1741
1258 1797
1258 1860
1259 1302
1259 1628
1259 1651
1259 1662
1259 1960
1260 1493
1260 1564
1260 1652
1261 1482
1261 1744
1261 1781
1261 1998
1262 1536
1262 1565
1262 1711
1262 1716
1262 1815
1262 1880
1262 1910
1262 1969
1263 1556
1264 1291
1264 1478
1264 1816
1264 1868
1265 1338
1265 1381
1265 1429
1265 1509
1265 1896
1266 1547
1266 1631
1266 1822
1266 1825
1267 1502
1267 1614
1267 1894
1267 1906
1267 1926
1267 1933
1267 1980
1268 1480
1268 1640
1269 1497
1269 1509
1269 1512
1269 1635
1269 1645
1269 1892
1270 1336
1270 1454
1270 1597
1270 1714
1270 1979
1271 1290
1271 1308
1271 1581
1271 1754
1272 1344
1272 1347
1272 1673
1272 1679
1272 1925
1272 1934
1272 1958
1273 1421
1273 1518
1273 1582
1273 1654
1273 1685
1273 1866
1274 1322
1274 1455
1274 1531
1274 1564
1274 1612
1274 1628
1274 1994
1275 1367
1275 1422
1275 1473
1275 1826
1275 1952
1275 1971
1276 1533
1276 1640
1276 1744
1277 1372
1277 1594
1277 1832
1278 1288
1278 1372
1278 1429
1278 1527
1278 1648
1278 1723
1278 1752
1278 1851
1278 1855
1278 1882
1278 1910
1279 1315
1279 1430
1280 1377
1280 1488
1280 1944
1281 1288
1281 1485
1281 1663
1281 1723
1281 1929
1282 1286
1282 1367
1282 1449
1282 1468
1282 1508
1282 1569
1282 1702
1283 1425
1283 1762
1283 1931
1283 1933
1284 1383
1284 1682
1284 1717
1284 1791
1284 1923
1284 1955
1284 1983
1285 1292
1285 1480
1286 1606
1286 1637
1286 1807
1287 1671
1288 1409
1288 1581
1288 1677
1288 1712
1288 1723
1288 1758
1289 1327
1289 1403
1289 1408
1289 1543
1290 1403
1290 1459
1290 1581
1290 1775
1290 1780
1290 1992
1292 1309
1292 1480
1292 1710
1293 1363
1293 1396
1293 1401
1293 1410
1293 1701
1293 1735
1293 1765
1293 1906
1293 1986
1294 1429
1294 1549
1294 1768
1294 1801
1294 1900
1295 1569
1295 1598
1295 1660
1295 1702
1296 1374
1296 1519
1296 1543
1296 1765
1296 1784
1296 1845
1296 1922
1296 1958
1297 1360
1297 1389
1297 1408
1297 1474
1297 1485
1297 1500
1297 1558
1297 1779
1298 1317
1298 1471
1298 1776
1298 1827
1300 1666
1300 1985
1301 1456
1301 1520
1301 1575
1301 1636
1301 1642
1301 1720
1301 1989
1302 1362
1302 1431
1302 1441
1302 1638
1303 1387
1303 1388
1303 1397
1303 1415
1303 1602
1303 1812
1303 1991
1304 1337
1304 1659
1304 1716
1304 1880
1304 1909
1304 1941
1305 1615
1306 1384
1306 1457
1306 1558
1306 1779
1306 1810
1307 1440
1307 1719
1307 1801
1307 1851
1307 1910
1307 1943
1307 1983
1308 1467
1308 1505
1308 1805
1308 1944
1308 1997
1309 1438
1310 1459
1310 1468
1310 1691
1310 1780
1310 1945
1311 1353
1311 1739
1311 1774
1311 1937
1312 1621
1312 1870
1313 1807
1314 1527
1315 1333
1315 1560
1315 1702
1315 1814
1315 1870
1316 1331
1316 1520
1316 1639
1316 1661
1316 1916
1316 1986
1317 1443
1317 1473
1318 1376
1318 1393
1318 1885
1319 1363
1319 1682
1320 1373
1320 1376
1320 1518
1320 1574
1320 1589
1320 1591
1320 1633
1321 1640
1321 1921
1322 1341
1322 1494
1322 1531
1322 1561
1322 1726
1323 1372
1323 1374
1323 1378
1323 1591
1323 1599
1323 1922
1323 1929
1324 1771
1324 1892
1324 1932
1325 1537
1325 1739
1326 1391
1326 1415
1326 1538
1326 1741
1326 1813
1326 1817
1327 1340
1327 1346
1327 1403
1327 1419
1327 1548
1327 1660
1327 1899
1327 1967
1328 1342
1328 1392
1328 1483
1328 1559
1328 1665
1328 1871
1328 1927
1328 1950
1329 1462
1329 1777
1329 1902
1329 1939
1330 1382
1330 1498
1330 1744
1331 1390
1331 1410
1331 1481
1331 1639
1331 1824
1332 1445
1332 1450
1332 1513
1332 1544
1332 1560
1332 1630
1332 1702
1332 1749
1332 1823
1332 1860
1332 1878
1332 1984
1332 1990
1333 1358
1333 1569
1333 1730
1333 1880
1334 1480
1334 1533
1334 1641
1334 1746
1336 1353
1336 1413
1336 1454
1336 1469
1336 1546
1336 1601
1336 1672
1336 1693
1336 1731
1336 1822
1336 1832
1336 1935
1336 1958
1336 1979
1337 1496
1337 1500
1337 1770
1338 1509
1338 1865
1338 1885
1339 1456
1339 1476
1339 1491
1339 1921
1339 1960
1340 1549
1340 1563
1340 1801
1340 1887
1340 1896
1341 1345
1341 1415
1341 1493
1341 1724
1341 1732
1341 1740
1341 1889
1341 1994
1342 1434
1342 1487
1342 1665
1342 1707
1342 1959
1343 1420
1343 1492
1343 1670
1343 1697
1343 1910
1343 1943
1344 1374
1344 1498
1344 1551
1344 1618
1344 1698
1344 1958
1345 1566
1345 1658
1345 1695
1345 1889
1345 1942
1346 1549
1346 1592
1346 1660
1346 1691
1347 1524
1347 1679
1347 1728
1347 1935
1348 1572
1348 1656
1348 1773
1349 1373
1349 1881
1349 1895
1349 1903
1350 1630
1350 1683
1350 1689
1350 1804
1350 1858
1350 1879
1350 1894
1351 1483
1351 1981
1352 1439
1352 1971
1353 1399
1353 1542
1353 1597
1353 1609
1353 1739
1353 1832
1353 1952
1354 1506
1354 1688
1354 1963
1354 1987
1355 1797
1355 1829
1355 1876
1355 1880
1355 1888
1356 1523
1357 1452
1357 1542
1357 1616
1357 1799
1357 1990
1358 1630
1359 1513
1360 1400
1360 1474
1360 1606
1360 1718
1361 1405
1361 1458
1361 1469
1361 1609
1361 1734
1361 1737
1361 1819
1361 1832
1361 1881
1361 1903
1361 1974
1362 1375
1362 1410
1362 1427
1362 1701
1362 1718
1362 1936
1363 1396
1363 1401
1363 1674
1363 1757
1364 1636
1365 1379
1365 1438
1366 1578
1366 1590
1366 1735
1366 1844
1366 1869
1366 1885
1367 1468
1367 1984
1368 1411
1368 1517
1368 1561
1369 1635
1369 1642
1369 1746
1369 1808
1370 1516
1370 1522
1370 1640
1370 1740
1371 1608
1371 1956
1371 1969
1372 1374
1372 1401
1372 1435
1372 1633
1372 1694
1372 1750
1372 1752
1372 1768
1372 1906
1372 1923
1372 1929
1373 1401
1373 1497
1373 1574
1373 1835
1373 1881
1373 1892
1373 1923
1373 1932
1374 1414
1374 1465
1374 1499
1374 1752
1374 1841
1374 1845
1374 1893
1375 1400
1375 1410
1375 1593
1375 1689
1375 1702
1375 1718
1375 1727
1375 1876
1375 1906
1376 1497
1376 1532
1376 1589
1376 1636
1376 1642
1376 1645
1376 1840
1376 1893
1376 1904
1377 1445
1377 1513
1378 1499
1378 1545
1378 1768
1379 1433
1379 1551
1379 1558
1379 1649
1379 1845
1380 1509
1380 1534
1380 1939
1381 1578
1381 1645
1381 1654
1381 1708
1381 1768
1381 1869
1381 1964
1381 1977
1382 1416
1382 1476
1382 1552
1382 1642
1382 1656
1382 1704
1382 1708
1383 1651
1383 1770
1383 1914
1383 1944
1384 1457
1384 1590
1384 1596
1385 1475
1385 1715
1385 1719
1385 1775
1385 1855
1385 1880
1385 1954
1385 1989
1386 1397
1386 1399
1386 1448
1386 1507
1386 1587
1386 1602
1386 1626
1386 1878
1387 1441
1387 1448
1387 1492
1387 1507
1387 1612
1387 1825
1388 1415
1388 1653
1388 1755
1388 1763
1388 1853
1389 1809
1389 1815
1389 1880
1390 1556
1391 1404
1391 1521
1391 1934
1391 1947
1392 1931
1393 1527
1393 1532
1393 1540
1393 1838
1394 1479
1394 1558
1394 1701
1394 1858
1395 1475
1395 1786
1395 1901
1396 1628
1396 1910
1396 1995
1397 1853
1398 1647
1398 1864
1399 1672
1399 1952
1399 1990
1400 1441
1400 1588
1400 1702
1400 1823
1400 1883
1401 1631
1401 1656
1401 1746
1401 1750
1401 1765
1401 1822
1401 1838
1401 1898
1401 1904
1401 1908
1401 1964
1402 1464
1402 1482
1402 1546
1402 1603
1402 1661
1402 1972
1403 1419
1403 1467
1403 1567
1404 1722
1404 1868
1404 1934
1405 1421
1405 1460
1405 1518
1405 1613
1405 1634
1405 1639
1405 1711
1405 1819
1405 1832
1405 1932
1405 1938
1405 1945
1406 1415
1406 1623
1406 1629
1406 1749
1406 1785
1407 1475
1407 1529
1407 1530
1407 1786
1408 1558
1408 1559
1408 1606
1408 1633
1408 1757
1408 1803
1409 1492
1409 1607
1409 1643
1409 1696
1409 1712
1409 1802
1409 1981
1410 1550
1410 1616
1410 1674
1410 1822
1410 1962
1411 1453
1411 1478
1411 1652
1411 1664
1411 1827
1411 1934
1412 1677
1412 1715
1412 1805
1412 1888
1414 1465
1414 1574
1414 1839
1415 1492
1415 1566
1415 1629
1415 1652
1415 1773
1415 1812
1415 1817
1415 1818
1415 1981
1415 1995
1416 1589
1416 1636
1416 1655
1416 1712
1416 1744
1416 1787
1416 1808
1416 1835
1416 1943
1417 1947
1417 1972
1418 1723
1418 1769
1418 1780
1419 1435
1419 1548
1419 1601
1419 1613
1419 1727
1419 1784
1419 1935
1420 1456
1420 1492
1420 1493
1420 1655
1420 1797
1420 1850
1420 1880
1420 1989
1420 1995
1421 1562
1421 1794
1421 1977
1422 1605
1423 1870
1424 1434
1424 1535
1424 1536
1425 1534
1425 1911
1425 1939
1425 1997
1427 1606
1427 1638
1427 1674
1427 1678
1427 1702
1427 1757
1427 1878
1427 1915
1428 1505
1428 1592
1428 1805
1428 1906
1428 1909
1428 1931
1428 1933
1429 1549
1429 1768
1429 1918
1430 1675
1430 1707
1430 1927
1431 1506
1431 1621
1431 1936
1432 1673
1432 1714
1432 1833
1432 1947
1433 1504
1433 1535
1433 1779
1434 1959
1435 1444
1435 1465
1435 1480
1435 1584
1435 1727
1435 1816
1436 1585
1437 1610
1437 1643
1437 1787
1438 1557
1438 1611
1438 1710
1438 1725
1438 1821
1438 1834
1438 1939
1439 1496
1439 1517
1439 1522
1439 1607
1439 1712
1439 1797
1440 1851
1441 1448
1441 1506
1441 1555
1441 1588
1441 1612
1441 1638
1441 1676
1441 1759
1441 1782
1441 1971
1442 1820
1442 1982
1443 1525
1443 1800
1444 1514
1444 1548
1444 1712
1445 1471
1445 1493
1445 1562
1445 1655
1445 1772
1445 1860
1445 1889
1446 1590
1446 1747
1446 1793
1446 1831
1447 1535
1447 1570
1447 1821
1447 1830
1448 1626
1448 1823
1448 1827
1448 1971
1449 1493
1449 1630
1449 1772
1449 1870
1449 1879
1449 1984
1450 1587
1450 1606
1450 1637
1450 1860
1450 1878
1451 1595
1451 1663
1451 1696
1451 1867
1452 1477
1452 1546
1452 1672
1452 1776
1453 1480
1453 1492
1453 1514
1453 1643
1453 1825
1453 1868
1453 1900
1453 1934
1454 1515
1454 1518
1454 1601
1454 1619
1454 1639
1454 1757
1454 1824
1455 1688
1455 1709
1455 1987
1456 1476
1456 1930
1457 1486
1457 1510
1457 1608
1457 1648
1457 1665
1457 1711
1457 1844
1457 1885
1457 1949
1457 1969
1458 1469
1458 1692
1458 1881
1458 1892
1459 1460
1460 1539
1460 1945
1460 1975
1461 1503
1461 1961
1462 1526
1462 1661
1463 1498
1463 1654
1463 1658
1463 1738
1464 1603
1464 1681
1464 1734
1464 1819
1464 1939
1465 1498
1465 1545
1465 1632
1465 1728
1465 1839
1465 1957
1466 1634
1466 1846
1467 1629
1467 1727
1467 1807
1467 1876
1468 1503
1468 1630
1468 1723
1468 1780
1468 1826
1468 1882
1468 1894
1469 1609
1469 1916
1469 1979
1470 1815
1470 1955
1470 1969
1471 1562
1471 1721
1471 1827
1471 1877
1472 1528
1472 1784
1473 1876
1473 1971
1473 1980
1474 1496
1474 1531
1474 1628
1474 1662
1474 1724
1474 1756
1474 1782
1475 1636
1475 1715
1475 1901
1475 1989
1476 1617
1476 1655
1476 1706
1476 1939
1477 1513
1477 1859
1477 1990
1478 1581
1478 1652
1478 1663
1478 1683
1478 1713
1478 1723
1478 1773
1478 1904
1479 1614
1479 1695
1479 1813
1479 1814
1479 1858
1479 1876
1479 1942
1480 1533
1480 1583
1480 1640
1480 1641
1480 1778
1480 1868
1480 1884
1480 1978
1481 1546
1481 1925
1482 1498
1482 1546
1482 1551
1482 1658
1484 1499
1484 1512
1484 1996
1485 1663
1485 1676
1485 1688
1485 1740
1485 1858
1486 1611
1486 1666
1486 1762
1486 1844
1486 1890
1486 1956
1487 1689
1487 1914
1488 1513
1488 1553
1488 1584
1488 1639
1488 1651
1488 1653
1488 1702
1488 1832
1488 1886
1488 1944
1488 1960
1489 1646
1489 1708
1489 1937
1490 1498
1490 1924
1491 1629
1491 1749
1491 1813
1492 1538
1492 1623
1492 1712
1492 1721
1492 1766
1492 1773
1492 1827
1492 1875
1492 1900
1492 1995
1493 1564
1493 1652
1493 1736
1493 1742
1493 1743
1493 1756
1493 1772
1493 1823
1493 1827
1493 1857
1493 1879
1494 1617
1494 1726
1494 1889
1495 1497
1495 1636
1495 1808
1496 1517
1497 1512
1497 1578
1497 1636
1497 1835
1497 1964
1498 1632
1498 1654
1498 1698
1498 1744
1498 1924
1499 1512
1499 1768
1499 1841
1500 1770
1500 1994
1501 1523
1501 1606
1502 1567
1502 1577
1502 1680
1502 1725
1502 1872
1502 1906
1503 1517
1503 1575
1504 1730
1504 1830
1504 1846
1504 1850
1504 1880
1505 1727
1505 1848
1505 1997
1506 1621
1506 1676
1506 1687
1506 1688
1506 1993
1507 1516
1507 1641
1507 1970
1508 1747
1508 1973
1509 1540
1509 1636
1509 1645
1509 1669
1509 1744
1509 1748
1510 1648
1510 1855
1511 1669
1512 1578
1512 1795
1512 1834
1513 1541
1513 1647
1513 1726
1513 1877
1513 1988
1514 1900
1515 1784
1515 1898
1515 1922
1516 1587
1516 1991
1517 1531
1517 1652
1517 1812
1517 1857
1518 1540
1518 1571
1518 1591
1518 1639
1518 1645
1518 1838
1518 1866
1518 1886
1518 1892
1518 1913
1518 1975
1519 1682
1519 1684
1519 1692
1519 1885
1519 1935
1520 1708
1520 1711
1520 1822
1520 1869
1521 1886
1522 1642
1522 1708
1522 1736
1522 1930
1523 1717
1524 1816
1525 1876
1526 1912
1527 1540
1527 1585
1528 1613
1529 1786
1529 1901
1529 1933
1530 1786
1531 1561
1531 1564
1531 1724
1531 1827
1532 1632
1532 1642
1532 1654
1532 1964
1533 1681
1533 1744
1534 1636
1534 1939
1535 1596
1535 1649
1535 1830
1535 1836
1535 1907
1536 1590
1536 1659
1537 1591
1537 1698
1538 1591
1538 1697
1538 1827
1538 1924
1538 1934
1539 1639
1539 1754
1539 1761
1539 1951
1539 1975
1540 1571
1540 1615
1540 1619
1540 1643
1540 1654
1540 1703
1540 1744
1540 1750
1540 1822
1540 1869
1540 1885
1540 1892
1541 1560
1541 1658
1541 1726
1542 1598
1542 1725
1542 1939
1543 1855
1543 1929
1544 1695
1544 1889
1544 1952
1545 1618
1545 1771
1546 1551
1546 1639
1546 1666
1546 1819
1546 1822
1546 1895
1547 1825
1549 1563
1549 1565
1549 1592
1549 1716
1549 1896
1550 1616
1550 1763
1550 1799
1550 1864
1550 1876
1550 1962
1551 1701
1551 1845
1551 1891
1551 1895
1551 1958
1552 1645
1552 1669
1552 1708
1553 1644
1553 1651
1553 1662
1553 1766
1553 1877
1554 1627
1554 1956
1555 1937
1557 1634
1557 1834
1558 1633
1558 1701
1558 1718
1558 1779
1558 1906
1558 1942
1559 1599
1559 1676
1559 1791
1559 1959
1561 1732
1562 1582
1562 1990
1564 1842
1566 1944
1566 1953
1566 1991
1566 1997
1567 1573
1567 1700
1567 1829
1568 1674
1568 1678
1568 1824
1568 1833
1568 1976
1569 1702
1569 1783
1570 1596
1570 1767
1570 1846
1570 1852
1571 1582
1571 1651
1571 1663
1571 1676
1571 1703
1571 1886
1572 1640
1572 1746
1572 1795
1573 1797
1573 1829
1573 1891
1574 1762
1574 1792
1574 1832
1574 1902
1574 1932
1575 1642
1575 1736
1575 1801
1575 1822
1575 1904
1575 1962
1576 1686
1576 1812
1577 1926
1577 1959
1578 1611
1578 1911
1579 1628
1579 1697
1579 1711
1580 1705
1580 1757
1580 1947
1581 1663
1581 1809
1581 1867
1581 1900
1581 1995
1582 1654
1582 1764
1584 1811
1586 1903
1588 1607
1588 1615
1588 1910
1589 1721
1589 1835
1589 1866
1590 1711
1590 1752
1590 1793
1590 1828
1590 1938
1591 1663
1591 1679
1591 1722
1591 1900
1591 1934
1591 1974
1592 1699
1593 1689
1593 1711
1594 1668
1594 1768
1594 1939
1595 1624
1595 1856
1596 1779
1596 1846
1596 1907
1597 1714
1597 1722
1598 1612
1599 1676
1599 1845
1599 1906
1599 1912
1599 1922
1600 1627
1600 1829
1600 1909
1601 1619
1601 1784
1601 1892
1602 1607
1602 1738
1602 1745
1602 1849
1602 1946
1602 1952
1602 1961
1602 1971
1602 1980
1603 1618
1603 1666
1603 1778
1604 1763
1604 1813
1604 1919
1604 1960
1605 1663
1605 1732
1605 1800
1605 1961
1606 1624
1606 1637
1606 1702
1606 1718
1606 1760
1606 1789
1606 1814
1606 1915
1606 1976
1607 1826
1607 1971
1608 1634
1608 1665
1608 1684
1608 1845
1609 1698
1610 1643
1610 1655
1610 1691
1610 1787
1610 1799
1610 1880
1611 1821
1612 1759
1613 1784
1613 1881
1613 1983
1614 1980
1617 1921
1618 1771
1619 1674
1619 1702
1620 1747
1620 1888
1621 1638
1621 1870
1622 1666
1622 1670
1622 1680
1622 1787
1622 1788
1622 1799
1623 1766
1623 1785
1623 1875
1623 1984
1624 1678
1624 1789
1624 1798
1624 1948
1626 1961
1627 1829
1627 1956
1628 1910
1628 1994
1629 1763
1629 1797
1629 1813
1629 1875
1629 1876
1630 1806
1630 1984
1631 1892
1631 1957
1632 1957
1633 1855
1633 1954
1634 1711
1634 1903
1634 1932
1635 1892
1635 1975
1636 1699
1636 1887
1636 1904
1636 1911
1637 1790
1638 1678
1638 1789
1639 1651
1639 1701
1639 1711
1639 1761
1639 1828
1639 1951
1639 1998
1640 1930
1641 1825
1641 1866
1642 1656
1642 1712
1642 1723
1643 1654
1643 1802
1643 1884
1644 1803
1644 1951
1645 1761
1645 1840
1645 1866
1645 1975
1646 1705
1646 1757
1646 1760
1646 1824
1646 1842
1646 1976
1647 1672
1648 1923
1648 1955
1649 1684
1649 1733
1649 1895
1650 1677
1651 1910
1652 1818
1652 1997
1653 1702
1653 1818
1653 1883
1653 1968
1654 1744
1655 1721
1656 1746
1657 1924
1658 1695
1658 1921
1659 1815
1660 1668
1660 1768
1660 1783
1660 1896
1661 1839
1662 1960
1663 1664
1663 1714
1663 1773
1663 1816
1663 1818
1663 1929
1663 1947
1664 1818
1664 1968
1666 1711
1666 1771
1666 1819
1667 1755
1668 1768
1668 1811
1668 1899
1669 1822
1669 1964
1670 1709
1670 1880
1670 1918
1671 1703
1671 1815
1671 1955
1671 1959
1672 1693
1673 1734
1673 1934
1673 1974
1674 1702
1674 1822
1674 1824
1674 1864
1675 1742
1675 1850
1675 1914
1675 1969
1676 1898
1676 1922
1676 1981
1677 1715
1677 1747
1677 1793
1677 1830
1677 1880
1677 1888
1677 1943
1678 1863
1678 1965
1679 1903
1679 1974
1680 1799
1680 1829
1681 1781
1681 1939
1682 1694
1682 1751
1682 1803
1683 1720
1683 1894
1683 1986
1684 1751
1684 1845
1684 1885
1684 1895
1684 1912
1685 1917
1686 1740
1686 1801
1686 1802
1686 1900
1687 1741
1687 1803
1687 1922
1688 1820
1689 1910
1689 1920
1691 1716
1691 1786
1691 1945
1692 1762
1692 1792
1694 1751
1694 1923
1695 1980
1695 1991
1696 1856
1696 1874
1697 1740
1697 1806
1697 1924
1697 1993
1698 1738
1700 1901
1701 1757
1701 1828
1701 1891
1701 1906
1701 1936
1701 1986
1702 1870
1702 1883
1705 1842
1705 1905
1705 1960
1706 1930
1706 1939
1707 1950
1708 1917
1708 1977
1709 1723
1709 1911
1710 1776
1710 1862
1710 1953
1711 1752
1711 1869
1711 1910
1711 1977
1712 1887
1712 1943
1712 1954
1712 1989
1713 1972
1714 1832
1714 1974
1716 1880
1716 1918
1717 1955
1718 1790
1718 1798
1718 1950
1719 1801
1719 1954
1720 1775
1721 1766
1723 1769
1723 1893
1723 1894
1724 1732
1724 1756
1724 1994
1726 1921
1726 1960
1727 1906
1728 1903
1728 1925
1729 1767
1729 1992
1730 1880
1731 1886
1731 1934
1732 1743
1733 1907
1733 1909
1734 1925
1734 1972
1735 1765
1735 1844
1735 1869
1736 1823
1737 1795
1737 1859
1739 1760
1740 1773
1741 1813
1741 1860
1742 1804
1742 1831
1742 1850
1742 1879
1743 1756
1743 1770
1743 1817
1743 1827
1743 1995
1744 1781
1744 1862
1744 1866
1745 1799
1745 1926
1745 1980
1746 1835
1746 1964
1747 1801
1747 1836
1747 1973
1748 1781
1748 1821
1750 1885
1751 1828
1751 1906
1751 1912
1752 1996
1753 1876
1756 1873
1757 1947
1757 1958
1757 1965
1758 1805
1758 1941
1759 1809
1759 1994
1761 1998
1762 1819
1763 1883
1764 1884
1766 1877
1768 1840
1768 1964
1768 1985
1769 1855
1769 1987
1770 1818
1770 1914
1770 1995
1771 1932
1772 1877
1772 1960
1773 1785
1773 1868
1773 1953
1774 1937
1775 1837
1775 1989
1777 1902
1778 1892
1779 1959
1780 1800
1781 1862
1785 1826
1787 1841
1787 1954
1788 1835
1788 1923
1789 1856
1790 1876
1791 1810
1794 1939
1794 1974
1795 1835
1795 1859
1797 1857
1798 1942
1799 1826
1800 1826
1801 1904
1801 1943
1801 1987
1802 1867
1802 1885
1802 1900
1803 1945
1805 1933
1806 1870
1808 1835
1808 1943
1808 1949
1808 1985
1809 1873
1809 1992
1812 1981
1813 1960
1815 1910
1816 1868
1816 1929
1816 1947
1817 1818
1817 1827
1817 1860
1818 1944
1820 1982
1821 1852
1821 1871
1823 1857
1824 1833
1824 1847
1824 1905
1826 1952
1826 1990
1827 1877
1827 1984
1828 1895
1828 1938
1829 1956
1830 1836
1831 1911
1831 1969
1832 1886
1832 1902
1832 1939
1832 1974
1834 1903
1836 1967
1837 1943
1837 1987
1841 1893
1842 1854
1843 1906
1843 1967
1844 1969
1845 1906
1847 1916
1847 1979
1848 1997
1852 1992
1856 1914
1857 1860
1859 1953
1859 1998
1860 1940
1863 1960
1863 1965
1866 1998
1868 1978
1869 1892
1870 1960
1871 1911
1874 1941
1877 1984
1880 1982
1881 1935
1882 1955
1883 1928
1884 1892
1886 1902
1887 1904
1888 1954
1891 1956
1892 1957
1895 1935
1899 1933
1899 1997
1900 1975
1903 1925
1904 1908
1905 1960
1906 1959
1907 1920
1908 1943
1908 1964
1911 1997
1913 1957
1919 1960
1921 1960
1925 1953
1926 1959
1927 1969
1933 1997
1934 1947
1934 1958
1935 1958
1936 1993
1942 1944
1943 1989
1944 1997
1945 1951
1952 1980
1961 1971
1970 1991
1971 1981
1974 1979
1980 1991
1994 1995
